,RANK,COUNTRY,PLAYER,CHANGE +/-,WIN - LOSE,PRIZE MONEY,POINTS / TOURNAMENTS
0,1,CHN,LI Xuerui,0,221 - 46,"$626,110.00","84,244 / 9"
1,2,CHN,WANG Shixian,0,220 - 64,"$658,775.00","77,177 / 13"
2,3,IND,Saina NEHWAL,0,283 - 124,"$570,610.00","71,081 / 14"
3,4,KOR,SUNG Ji Hyun,0,191 - 101,"$298,365.00","69,654 / 15"
4,5,CHN,WANG Yihan,0,307 - 71,"$738,865.50","69,481 / 13"
5,6,ESP,Carolina MARIN,0,171 - 59,"$224,481.00","64,368 / 13"
6,7,TPE,TAI Tzu Ying,0,163 - 97,"$226,905.00","63,418 / 15"
7,8,THA,Ratchanok INTANON,0,194 - 93,"$295,955.00","60,942 / 13"
8,9,IND,PUSARLA V. Sindhu,0,149 - 61,"$84,253.00","56,935 / 15"
9,10,KOR,BAE Yeon Ju,0,188 - 111,"$188,907.50","55,433 / 14"
10,11,CHN,LIU Xin (F),0,116 - 40,"$138,327.50","53,410 / 9"
11,12,USA,Beiwen ZHANG,0,142 - 69,"$52,001.12","50,610 / 16"
12,13,JPN,Sayaka TAKAHASHI,0,104 - 51,"$65,367.00","47,886 / 15"
13,14,CAN,Michelle LI,0,184 - 69,"$46,309.50","47,511 / 17"
14,15,JPN,Akane YAMAGUCHI,0,87 - 22,"$69,527.50","43,995 / 10"
15,16,JPN,Minatsu MITANI,0,100 - 61,"$83,742.50","43,379 / 12"
16,17,CHN,SUN Yu,0,66 - 23,"$77,655.00","42,608 / 9"
17,18,JPN,Nozomi OKUHARA,0,112 - 32,"$67,355.50","41,840 / 9"
18,19,THA,Nitchaon JINDAPOL,0,113 - 72,"$62,185.00","40,506 / 13"
19,20,THA,Busanan ONGBUMRUNGPHAN,0,125 - 59,"$52,695.00","38,677 / 12"
20,21,CHN,HAN Li,0,69 - 37,"$79,550.00","37,920 / 9"
21,22,THA,Porntip BURANAPRASERTSUK,0,162 - 131,"$110,945.00","37,807 / 16"
22,23,JPN,Eriko HIROSE,0,212 - 170,"$102,757.50","37,418 / 13"
23,24,ESP,Beatriz CORRALES,0,161 - 77,"$23,034.50","36,788 / 20"
24,25,JPN,Sayaka SATO,0,135 - 89,"$63,325.00","36,230 / 10"
25,26,HKG,YIP Pui Yin,1,184 - 164,"$101,275.00","34,864 / 14"
26,27,SCO,Kirsty GILMOUR,-1,122 - 54,"$26,264.00","34,640 / 14"
27,28,TPE,PAI Yu Po,0,71 - 50,"$18,612.50","33,630 / 17"
28,29,GER,Karin SCHNAASE,1,171 - 139,"$17,793.80","33,314 / 18"
29,30,INA,Adrianti FIRDASARI,-1,159 - 121,"$61,622.50","33,066 / 9"
30,31,JPN,Kaori IMABEPPU,0,136 - 82,"$47,729.50","32,670 / 11"
31,32,BUL,Linda ZETCHIRI,2,244 - 165,"$30,986.40","32,060 / 16"
32,33,TPE,HSU Ya Ching,-1,69 - 54,"$23,800.00","31,670 / 15"
33,34,TPE,PAI Hsiao Ma,-1,162 - 127,"$43,567.50","30,954 / 14"
34,35,IND,P. C. Thulasi,0,61 - 50,"$12,368.50","30,784 / 12"
35,36,DEN,Anna Thea MADSEN,1,97 - 40,"$3,800.00","30,107 / 15"
36,37,DEN,Line KJAERSFELDT,-1,94 - 54,"$6,672.50","29,972 / 13"
37,38,IRL,Chloe MAGEE,0,153 - 126,"$15,166.75","29,442 / 18"
38,39,FRA,Sashina VIGNES WARAN,0,153 - 96,"$13,627.00","29,297 / 16"
39,40,SIN,Jiayuan CHEN,0,91 - 90,"$12,932.37","29,289 / 11"
40,41,USA,Iris WANG,0,80 - 74,"$14,125.50","28,993 / 17"
41,42,INA,Lindaweni FANETRI,0,91 - 76,"$44,522.50","28,417 / 9"
42,43,INA,Maria Febe KUSUMASTUTI,1,124 - 89,"$39,289.00","28,081 / 10"
43,44,RUS,Natalia PERMINOVA,2,89 - 74,"$7,069.50","27,803 / 18"
44,45,BUL,Petya NEDELCHEVA,-2,453 - 220,"$76,226.50","27,790 / 18"
45,46,VIE,Thi Trang (B) VU,2,50 - 45,"$7,478.00","26,890 / 10"
46,47,USA,Jamie SUBANDHI,2,67 - 64,"$3,837.50","26,767 / 18"
47,48,TPE,CHENG Chi Ya,2,49 - 38,"$10,516.50","26,680 / 12"
48,49,RUS,Ksenia POLIKARPOVA,4,78 - 72,"$6,390.00","26,223 / 22"
49,50,SUI,Sabrina JAQUET,2,119 - 116,"$9,726.50","26,151 / 16"
50,51,BUL,Stefani STOEVA,-4,141 - 58,"$6,522.50","26,120 / 17"
51,52,JPN,Kana ITO,3,88 - 38,"$14,433.00","25,970 / 7"
52,53,CZE,Kristina GAVNHOLT,-2,167 - 127,"$19,863.50","25,750 / 11"
53,54,INA,Bellaetrix MANUPUTTY,2,87 - 64,"$17,891.00","25,271 / 9"
54,55,USA,SCHAFER Rong,2,64 - 37,"$7,557.50","25,000 / 22"
55,56,RUS,Olga GOLOVANOVA,3,152 - 91,"$8,007.40","24,580 / 14"
56,57,BRA,Fabiana SILVA,3,78 - 64,"$2,790.00","24,445 / 13"
57,58,MAS,Li Lian YANG,-4,50 - 57,"$4,650.00","24,288 / 11"
58,59,TUR,Ozge BAYRAK,-1,132 - 72,"$8,180.00","24,260 / 14"
59,60,ITA,Jeanine CICOGNINI,1,162 - 118,"$16,816.25","24,230 / 12"
60,61,INA,Millicent WIRANTO,1,55 - 53,"$2,878.00","23,790 / 19"
61,62,TUR,Neslihan YIGIT,3,150 - 62,"$7,588.00","23,628 / 11"
62,63,MAS,Jing Yi TEE,-18,69 - 84,"$14,033.50","23,444 / 8"
63,64,JPN,Yui HASHIMOTO,-1,65 - 30,"$61,264.00","23,410 / 7"
64,65,MAS,Lyddia Yi Yu CHEAH,-1,92 - 101,"$17,060.50","23,030 / 12"
65,66,KOR,KIM Hyo Min,0,80 - 34,"$12,325.50","22,768 / 7"
66,67,ENG,Fontaine Mica CHAPMAN,0,79 - 62,"$2,620.00","22,665 / 15"
67,68,MAS,Sannatasah SANIRU,0,72 - 81,"$5,997.50","21,990 / 14"
68,69,HKG,CHEUNG Ngan Yi,0,46 - 46,"$12,845.00","21,920 / 12"
69,70,IND,Saili RANE,0,46 - 34,"$3,762.50","21,850 / 13"
70,71,IND,Arundhati PANTAWANE,0,67 - 52,"$7,952.50","21,680 / 9"
71,72,IND,Tanvi LAD,0,42 - 43,"$6,233.00","21,220 / 11"
72,73,FRA,Delphine LANSAC,0,88 - 42,"$2,135.50","21,194 / 15"
73,74,BRA,Lohaynny VICENTE,0,0 - 0,,"20,810 / 11"
74,75,CHN,YAO Xue,0,0 - 0,,"20,560 / 6"
75,76,NGR,Grace GABRIEL,3,0 - 0,,"20,339 / 16"
76,77,EST,Kati TOLMOFF,-1,0 - 0,,"20,117 / 10"
77,78,INA,Hana RAMADHINI,0,0 - 0,,"19,360 / 9"
78,79,DEN,Sandra-Maria JENSEN,1,0 - 0,,"19,263 / 13"
79,80,RUS,Evgeniya KOSETSKAYA,1,0 - 0,,"19,228 / 16"
80,81,CAN,Rachel HONDERICH,1,0 - 0,,"18,894 / 10"
81,82,JPN,Aya OHORI,1,0 - 0,,"18,810 / 7"
82,83,JPN,Shizuka Uchida,1,0 - 0,,"18,680 / 8"
83,84,DEN,Mette POULSEN,1,0 - 0,,"18,310 / 12"
84,85,NED,Soraya DE VISCH EIJBERGEN,1,0 - 0,,"18,283 / 18"
85,86,UKR,Maria ULITINA,-9,0 - 0,,"18,130 / 10"
86,87,PER,Daniela MACIAS,0,0 - 0,,"18,075 / 12"
87,88,TPE,HUNG Shih Han,0,0 - 0,,"17,850 / 11"
88,89,MRI,Kate FOO KUNE,3,0 - 0,,"17,739 / 19"
89,90,AUT,Elisabeth BALDAUF,-1,0 - 0,,"17,441 / 13"
90,91,INA,Ruselli HARTAWAN,-1,0 - 0,,"17,410 / 8"
91,92,BEL,Lianne TAN,-1,0 - 0,,"17,355 / 11"
92,93,INA,Rusydina Antardayu RIODINGIN,1,0 - 0,,"17,090 / 9"
93,94,CZE,Zuzana PAVELKOVA,-1,0 - 0,,"16,933 / 18"
94,95,LTU,Akvile STAPUSAITYTE,0,0 - 0,,"16,778 / 14"
95,96,JPN,Ayumi MINE,0,0 - 0,,"16,760 / 6"
96,97,SVK,Jana CIZNAROVA,0,0 - 0,,"16,751 / 17"
97,98,PER,Danica NISHIMURA,0,0 - 0,,"16,733 / 14"
98,99,PER,Luz Maria ZORNOZA,0,0 - 0,,"16,320 / 13"
99,100,MEX,Mariana UGALDE,1,0 - 0,,"16,063 / 10"
100,101,POL,Anna NAREL,1,0 - 0,,"15,943 / 17"
101,102,AUT,Simone PRUTSCH,1,0 - 0,,"15,830 / 17"
102,103,GER,Fabienne DEPREZ,1,0 - 0,,"15,755 / 14"
103,104,TPE,Chia Hsin LEE,1,0 - 0,,"15,624 / 8"
104,105,KOR,Jang Mi LEE,1,0 - 0,,"15,590 / 6"
105,106,SIN,Xiaoyu LIANG,1,0 - 0,,"15,525 / 9"
106,107,UGA,Bridget Shamim BANGI,1,0 - 0,,"15,440 / 12"
107,108,INA,Aprillia YUSWANDARI,1,0 - 0,,"15,270 / 5"
108,109,FIN,Nanna VAINIO,2,0 - 0,,"15,181 / 16"
109,110,BEL,Marie DEMY,2,0 - 0,,"15,000 / 12"
110,111,TPE,CHANG Ya Lan,2,0 - 0,,"14,650 / 9"
111,112,JPN,Yuka KUSUNOSE,2,0 - 0,,"14,640 / 6"
112,113,AUS,Joy LAI,17,0 - 0,,"14,542 / 8"
113,114,RUS,Victoria SLOBODJANUK,2,0 - 0,,"14,540 / 10"
114,115,MEX,Haramara GAITAN,2,0 - 0,,"14,512 / 9"
115,116,THA,Pornpawee CHOCHUWONG,2,0 - 0,,"14,490 / 8"
116,117,GUA,Nikte Alejandra SOTOMAYOR,2,0 - 0,,"14,437 / 9"
117,118,TPE,CHIANG Mei Hui,2,0 - 0,,"14,390 / 9"
118,119,MAS,Yin Fun LIM,2,0 - 0,,"14,294 / 10"
119,120,MEX,Cynthia GONZALEZ,2,0 - 0,,"14,150 / 9"
120,121,FRA,Perrine LE BUHANIC,3,0 - 0,,"13,711 / 15"
121,122,SWE,Matilda PETERSEN,3,0 - 0,,"13,662 / 13"
122,123,BRA,Ana Paula CAMPOS,4,0 - 0,,"13,571 / 13"
123,124,NZL,Anna RANKIN,-24,0 - 0,,"13,450 / 14"
124,125,HUN,Laura SAROSI,1,0 - 0,,"13,440 / 14"
125,126,SWE,Ellinor WIDH,7,0 - 0,,"13,353 / 14"
126,127,ENG,Panuga RIOU,4,0 - 0,,"13,237 / 7"
127,128,BLR,Alesia ZAITSAVA,4,0 - 0,,"13,134 / 14"
128,129,EST,Laura VANA,-1,0 - 0,,"13,130 / 16"
129,130,INA,Dinar Dyah AYUSTINE,4,0 - 0,,"13,050 / 8"
130,131,RUS,Elena KOMENDROVSKAJA,4,0 - 0,,"13,040 / 12"
131,132,UKR,Natalya VOYTSEKH,-17,0 - 0,,"12,930 / 9"
132,133,DEN,Mia BLICHFELDT,3,0 - 0,,"12,720 / 7"
133,134,MAS,Rui Chen YAP,23,0 - 0,,"12,620 / 10"
134,135,RSA,Elme DE VILLIERS,2,0 - 0,,"12,506 / 11"
135,136,KOR,KOH EunByeol,2,0 - 0,,"12,420 / 7"
136,137,FIN,Airi MIKKELA,2,0 - 0,,"12,397 / 15"
137,138,WAL,Carissa TURNER,2,0 - 0,,"12,383 / 11"
138,139,TUR,Ebru TUNALI,23,0 - 0,,"12,380 / 10"
139,140,EGY,Hadia HOSNY,2,0 - 0,,"12,330 / 8"
140,141,CRO,Dorotea SUTARA,3,0 - 0,,"12,240 / 14"
141,142,TPE,Ying Chun LIN,3,0 - 0,,"12,240 / 7"
142,143,SVK,Martina REPISKA,4,0 - 0,,"12,177 / 16"
143,144,EST,Karoliine HOIM,2,0 - 0,,"12,130 / 14"
144,145,ENG,Nicola CERFONTYNE,3,0 - 0,,"12,124 / 12"
145,146,MAS,Chiew Sien LIM,3,0 - 0,,"11,839 / 9"
146,147,THA,Supanida KATETHONG,3,0 - 0,,"11,740 / 5"
147,148,UKR,Yelyzaveta ZHARKA,-5,0 - 0,,"11,620 / 11"
148,149,TUR,Ebru YAZGAN,11,0 - 0,,"11,540 / 13"
149,150,CHN,HUI Xirui,2,0 - 0,,"11,430 / 4"
150,151,CHN,SHEN Yaying,2,0 - 0,,"11,410 / 3"
151,152,SUI,Nicole SCHALLER,2,0 - 0,,"11,400 / 7"
152,153,CHN,HE Bingjiao,2,0 - 0,,"11,260 / 4"
153,154,USA,Christine LOOK,2,0 - 0,,"11,140 / 10"
154,155,DOM,VIBIECA BERONICA,3,0 - 0,,"11,044 / 8"
155,156,USA,Crystal PAN,3,0 - 0,,"11,040 / 5"
156,157,CZE,Lucie CERNA,-6,0 - 0,,"10,860 / 10"
157,158,MAS,LEE Zii Yii,-17,0 - 0,,"10,840 / 9"
158,159,JPN,Anna DOI,2,0 - 0,,"10,710 / 4"
159,160,MAS,Yen Mei HO,12,0 - 0,,"10,410 / 8"
160,161,RUS,Anastasia CHERVYAKOVA,2,0 - 0,,"10,405 / 9"
161,162,AUS,Tara PILVEN,-39,0 - 0,,"10,272 / 6"
162,163,CRO,Maja PAVLINIC,2,0 - 0,,"10,183 / 10"
163,164,AUS,Verdet KESSLER,-54,0 - 0,,"10,182 / 6"
164,165,ENG,Sarah WALKER,-1,0 - 0,,"10,125 / 7"
165,166,TUR,Cemre FERE,7,0 - 0,,"9,600 / 12"
166,167,CAN,Brittney TAM,-1,0 - 0,,"9,430 / 6"
167,168,CZE,Katerina TOMALOVA,-1,0 - 0,,"9,390 / 15"
168,169,SIN,Juan GU,-1,0 - 0,,"9,270 / 4"
169,170,AUS,Jennifer TAM,11,0 - 0,,"9,060 / 5"
170,171,TPE,Shuo Yun SUNG,-2,0 - 0,,"9,050 / 6"
171,172,AUS,Melinda SUN,10,0 - 0,,"9,040 / 7"
172,173,INA,SUSANTO Yulia Yosephin,-2,0 - 0,,"8,980 / 9"
173,174,RUS,Evgenia DIMOVA,0,0 - 0,,"8,830 / 10"
174,175,PER,Camilla GARCIA,0,0 - 0,,"8,690 / 7"
175,176,RUS,Viktoriia VOROBEVA,0,0 - 0,,"8,340 / 8"
176,177,TPE,Ling Fang HU,1,0 - 0,,"8,220 / 8"
177,178,TPE,CHEN Shih Ying,1,0 - 0,,"8,190 / 7"
178,179,AUS,Hsuan-Yu Wendy CHEN,209,0 - 0,,"8,090 / 5"
179,180,DOM,Daigenis SATURRIA,0,0 - 0,,"8,082 / 8"
180,181,IND,Shruti MUNDADA,2,0 - 0,,"7,850 / 5"
181,182,ESP,Clara AZURMENDI,2,0 - 0,,"7,786 / 5"
182,183,IND,Rituparna DAS,2,0 - 0,,"7,720 / 3"
183,184,TUR,Kader Ä°NAL,2,0 - 0,,"7,710 / 8"
184,185,TPE,CHEN Hsiao Huan,2,0 - 0,,"7,690 / 4"
185,186,GER,Yvonne LI,2,0 - 0,,"7,630 / 6"
186,187,CHN,FAN Mengyan,2,0 - 0,,"7,580 / 3"
187,187,INA,Hera DESI,2,0 - 0,,"7,580 / 3"
188,189,GUA,Beatriz RAMOS,2,0 - 0,,"7,573 / 7"
189,190,SWE,Jenny WAN,2,0 - 0,,"7,560 / 8"
190,191,THA,Natcha SAENGCHOTE,2,0 - 0,,"7,480 / 4"
191,192,BRA,Mariana Pedrol FREITAS,2,0 - 0,,"7,390 / 6"
192,193,RUS,Ekaterina BOLOTOVA,-16,0 - 0,,"7,350 / 8"
193,194,INA,Gregoria MARISKA,1,0 - 0,,"7,270 / 3"
194,195,NZL,Michelle CHAN KY,-66,0 - 0,,"7,230 / 5"
195,196,POR,Telma SANTOS,0,0 - 0,,"7,200 / 3"
196,197,IND,GADDE Ruthvika Shivani,0,0 - 0,,"7,190 / 3"
197,198,POL,Weronika GRUDZINA,0,0 - 0,,"7,107 / 12"
198,199,ZAM,Ogar SIAMUPANGILA,0,0 - 0,,"7,060 / 8"
199,200,RUS,Anna ASTRAKHANTSEVA,0,0 - 0,,"6,980 / 7"
200,201,IND,Riya PILLAI,0,0 - 0,,"6,970 / 5"
201,202,KOR,Min Ji LEE,0,0 - 0,,"6,842 / 4"
202,203,MAS,Julia Pei Xian WONG,0,0 - 0,,"6,800 / 6"
203,204,INA,PURWANINGTYAS Elyzabeth,0,0 - 0,,"6,780 / 3"
204,205,DEN,Julie FINNE-IPSEN,2,0 - 0,,"6,640 / 7"
205,206,VIE,Thu Huyen LE,3,0 - 0,,"6,530 / 4"
206,207,NGR,Dorcas Ajoke ADESOKAN,3,0 - 0,,"6,510 / 4"
207,208,NGR,Fatima AZEEZ,3,0 - 0,,"6,471 / 5"
208,209,BRA,Yasmin CURY,3,0 - 0,,"6,470 / 5"
209,210,AUS,Ruwindi SERASINGHE,39,0 - 0,,"6,340 / 5"
210,211,DOM,Licelott SANCHEZ,2,0 - 0,,"6,339 / 7"
211,212,WAL,Aimee MORAN,-6,0 - 0,,"6,190 / 10"
212,213,EGY,Doha HANY,3,0 - 0,,"6,170 / 5"
213,214,IND,Trupti MURGUNDE,4,0 - 0,,"6,100 / 2"
214,215,HUN,Daniella GONDA,2,0 - 0,,"6,074 / 12"
215,216,THA,Sarita SUWANNAKITBORIHAN,3,0 - 0,,"6,070 / 4"
216,217,FRA,Anne TRAN,3,0 - 0,,"6,060 / 14"
217,218,CHN,SUO Di,3,0 - 0,,"6,050 / 1"
218,219,IND,Sayali GOKHALE,3,0 - 0,,"6,040 / 3"
219,220,JPN,Chisato HOSHI,6,0 - 0,,"5,990 / 3"
220,221,MRI,Yeldy Marie LOUISON,7,0 - 0,,"5,950 / 5"
221,222,SUI,Ayla HUSER,-17,0 - 0,,"5,930 / 10"
222,223,AUT,Alexandra MATHIS,6,0 - 0,,"5,920 / 8"
223,224,TPE,Su Yu CHEN,6,0 - 0,,"5,920 / 7"
224,225,SUI,Nicole ANKLI,-2,0 - 0,,"5,900 / 14"
225,226,INA,Fitriani FITRIANI,6,0 - 0,,"5,880 / 3"
226,227,NGR,Tosin Damilola ATOLAGBE,6,0 - 0,,"5,860 / 4"
227,228,TPE,Chien Hui YU,7,0 - 0,,"5,790 / 5"
228,229,GUA,Ana Lucia DE LEON,7,0 - 0,,"5,750 / 6"
229,230,LAT,Monika RADOVSKA,-16,0 - 0,,"5,720 / 12"
230,231,UKR,Yuliya KAZARINOVA,-23,0 - 0,,"5,720 / 8"
231,232,IND,Juhi DEWANGAN,5,0 - 0,,"5,710 / 4"
232,233,ARG,Florencia BERNATENE,6,0 - 0,,"5,622 / 8"
233,234,ARG,Daiana GARMENDIA,6,0 - 0,,"5,622 / 8"
234,235,FIN,Sonja PEKKOLA,-11,0 - 0,,"5,530 / 11"
235,236,AUS,Alice WU,-66,0 - 0,,"5,520 / 4"
236,237,NED,Gayle MAHULETTE,-22,0 - 0,,"5,500 / 5"
237,238,POR,Sonia GONCALVES,5,0 - 0,,"5,420 / 9"
238,239,LAT,Kristine SEFERE,5,0 - 0,,"5,323 / 12"
239,240,INA,Ana ROVITA,5,0 - 0,,"5,320 / 5"
240,241,GER,Anika DÃRR,5,0 - 0,,"5,313 / 9"
241,242,IRI,AGHAEI Hajiagha Soraya,28,0 - 0,,"5,280 / 5"
242,243,SRB,Milica SIMIC,5,0 - 0,,"5,230 / 14"
243,244,CRO,Katarina GALENIC,6,0 - 0,,"5,142 / 6"
244,245,RSA,Sandra LE GRANGE,6,0 - 0,,"5,124 / 5"
245,246,THA,Supamart MINGCHUA,6,0 - 0,,"5,120 / 4"
246,247,CHN,CHEN Yufei,6,0 - 0,,"5,070 / 2"
247,248,ENG,Kerri SCOTT,6,0 - 0,,"5,060 / 9"
248,249,JPN,Rei NAGATA,6,0 - 0,,"5,060 / 3"
249,250,VIE,Nhu Thao PHAM,6,0 - 0,,"5,050 / 5"
250,251,TPE,CHIANG Pei Hsin,6,0 - 0,,"5,050 / 3"
251,252,BEL,Flore VANDENHOUCKE,-10,0 - 0,,"5,030 / 12"
252,253,AUT,Katrin NEUDOLT,5,0 - 0,,"5,030 / 10"
253,254,DEN,Natalia Koch ROHDE,5,0 - 0,,"5,000 / 4"
254,255,JPN,Ayako SAKURAMOTO,5,0 - 0,,"5,000 / 3"
255,256,BRA,Thalita CORREA,5,0 - 0,,"4,970 / 5"
256,257,ENG,Chloe BIRCH,-32,0 - 0,,"4,920 / 6"
257,258,GRE,Ioanna KARKANTZIA,4,0 - 0,,"4,850 / 9"
258,259,BUL,Mariya MITSOVA,4,0 - 0,,"4,830 / 5"
259,260,IND,Mudra DHAINJE,5,0 - 0,,"4,810 / 3"
260,261,INA,Ratoputri FEBTRIA ADISTRA,5,0 - 0,,"4,790 / 3"
261,262,JPN,Mayu MATSUMOTO,6,0 - 0,,"4,720 / 3"
262,263,DEN,Julie Rechnagel CHRISTENSEN,6,0 - 0,,"4,710 / 6"
263,264,IRI,Negin AMIRIPOUR,-37,0 - 0,,"4,680 / 5"
264,265,THA,Alisa SAPNITI,6,0 - 0,,"4,640 / 3"
265,266,LAT,Ieva POPE,6,0 - 0,,"4,637 / 13"
266,267,INA,Yeni ASMARANI,6,0 - 0,,"4,630 / 4"
267,268,KOR,Na Young KIM,6,0 - 0,,"4,620 / 4"
268,269,IND,Rasika RAJE,6,0 - 0,,"4,560 / 3"
269,270,IND,Neha PANDIT,6,0 - 0,,"4,540 / 4"
270,271,MEX,Chinas AILEEN,7,0 - 0,,"4,460 / 5"
271,272,EST,Kristin KUUBA,-8,0 - 0,,"4,450 / 8"
272,273,DEN,Irina Amalie ANDERSEN,6,0 - 0,,"4,440 / 7"
273,273,DEN,Sara ORTVANG,6,0 - 0,,"4,440 / 7"
274,275,INA,Josephine LEONILA,6,0 - 0,,"4,430 / 4"
275,276,AUS,Talia SAUNDERS,120,0 - 0,,"4,400 / 2"
276,277,CHN,CHEN Xiao Jia,5,0 - 0,,"4,390 / 2"
277,278,INA,Intan Dwi JAYANTI,5,0 - 0,,"4,380 / 3"
278,279,IRI,Pegah KAMRANI,5,0 - 0,,"4,370 / 4"
279,280,GER,Alina HAMMES,5,0 - 0,,"4,369 / 7"
280,281,SRI,Lekha SHEHANI,-34,0 - 0,,"4,340 / 3"
281,282,HKG,CHAN Kaka Tsz Ka,4,0 - 0,,"4,330 / 2"
282,283,CAN,Kyleigh OâDONOGHUE,4,0 - 0,,"4,320 / 2"
283,284,CHN,QIN Jinjing,4,0 - 0,,"4,320 / 1"
284,285,ENG,Georgina BLAND,5,0 - 0,,"4,270 / 8"
285,286,UKR,Maryna ILYINSKAYA,5,0 - 0,,"4,250 / 4"
286,287,GUA,Maria Regina DEL VALLE LEYSBETH,5,0 - 0,,"4,230 / 5"
287,287,FRA,Joanna CHAUBE,5,0 - 0,,"4,230 / 5"
288,289,KOR,Song MIN JIN,5,0 - 0,,"4,220 / 2"
289,290,NED,Alida CHEN,-1,0 - 0,,"4,201 / 8"
290,291,THA,Kunjira KHONGDEE,4,0 - 0,,"4,200 / 4"
291,292,SUI,Cendrine HANTZ,-15,0 - 0,,"4,190 / 8"
292,293,INA,Lyanny Alessandra MAINAKY,3,0 - 0,,"4,100 / 4"
293,294,EGY,Menna ELTANANY,3,0 - 0,,"4,088 / 5"
294,295,HUN,Monika SZOKE,-28,0 - 0,,"4,070 / 6"
295,296,SLO,Maja TVRDY,3,0 - 0,,"4,060 / 5"
296,297,SUI,Nadia FANKHAUSER,3,0 - 0,,"4,040 / 12"
297,298,SRI,Achini RATNASIRI,-57,0 - 0,,"4,040 / 3"
298,299,HKG,CHEUNG Ying Mei,2,0 - 0,,"4,023 / 6"
299,300,HKG,TSANG Wing Chiu Avery,2,0 - 0,,"4,000 / 5"
300,301,JPN,Yuki FUKUSHIMA,2,0 - 0,,"4,000 / 1"
301,302,ENG,Lydia Jane POWELL,2,0 - 0,,"3,980 / 5"
302,303,AUS,Elena Yee-Man KWOK,63,0 - 0,,"3,950 / 2"
303,303,AUS,Louisa MA,63,0 - 0,,"3,950 / 2"
304,305,RUS,Victoria DERGUNOVA,0,0 - 0,,"3,940 / 4"
305,306,BRA,Paloma Eduarda da SILVA,0,0 - 0,,"3,910 / 4"
306,307,BOT,Botho MAKUBATE,0,0 - 0,,"3,872 / 5"
307,308,IND,Rucha NIKAM,0,0 - 0,,"3,870 / 2"
308,309,BRA,Gabriela SANTOS,0,0 - 0,,"3,860 / 5"
309,310,INA,Linda AGNES,0,0 - 0,,"3,850 / 6"
310,311,INA,Marsa Indah SALSABILA,0,0 - 0,,"3,850 / 1"
311,312,TUR,Yaren DOLCU,0,0 - 0,,"3,810 / 7"
312,313,ECU,Maria Delia ZAMBRANO,1,0 - 0,,"3,760 / 4"
313,314,FRA,Marie BATOMENE,1,0 - 0,,"3,750 / 9"
314,315,UKR,Darya SAMARCHANTS,1,0 - 0,,"3,730 / 7"
315,316,RUS,Ella DIEHL,-82,0 - 0,,"3,720 / 2"
316,317,DEN,Sofie Holmboe DAHL,0,0 - 0,,"3,710 / 5"
317,318,DEN,Julie Dawall JAKOBSEN,0,0 - 0,,"3,670 / 5"
318,319,CAN,Joycelyn KO,1,0 - 0,,"3,640 / 3"
319,320,THA,Thamolwan POOPRADUBSIL,2,0 - 0,,"3,630 / 3"
320,321,SWE,Behnaz PIRZAMANBEIN,2,0 - 0,,"3,590 / 8"
321,322,DEN,Lene CLAUSEN,2,0 - 0,,"3,590 / 3"
322,323,AUS,Claudia LAM,197,0 - 0,,"3,580 / 3"
323,323,JAM,HENRY GEORDINE,2,0 - 0,,"3,580 / 3"
324,325,NOR,Cathrine FOSSMO,1,0 - 0,,"3,574 / 6"
325,326,ZAM,Evelyn SIAMUPANGILA,1,0 - 0,,"3,570 / 5"
326,327,IND,Jyoti NASHIER,1,0 - 0,,"3,470 / 3"
327,327,JPN,Masayo NOJIRINO,1,0 - 0,,"3,470 / 3"
328,329,VIE,Ha Trang LE,1,0 - 0,,"3,450 / 5"
329,330,MAS,"Peiy Yee, Payee LIM",2,0 - 0,,"3,410 / 5"
330,331,TUR,Aliye DEMIRBAG,2,0 - 0,,"3,400 / 6"
331,332,CHN,JIANG Yujing,2,0 - 0,,"3,400 / 1"
332,333,NZL,Alyse DERBY,103,0 - 0,,"3,380 / 3"
333,334,THA,Phasita WATHANAYOMNAPORN,1,0 - 0,,"3,360 / 3"
334,335,TPE,Wan Yi TANG,1,0 - 0,,"3,350 / 3"
335,336,SLO,Kaja STANKOVIC,1,0 - 0,,"3,332 / 6"
336,337,UKR,Vladyslava LESNAYA,1,0 - 0,,"3,330 / 3"
337,338,HUN,Orsolya VARGA,-25,0 - 0,,"3,320 / 7"
338,339,AUT,Sonja LANGTHALER,0,0 - 0,,"3,310 / 9"
339,340,EGY,Nadine ASHRAF,0,0 - 0,,"3,310 / 4"
340,341,MEX,Sabrina SOLIS,0,0 - 0,,"3,290 / 3"
341,342,DEN,Emilie FURBO,0,0 - 0,,"3,290 / 2"
342,343,VIE,Thi Mai Anh NGUYEN,0,0 - 0,,"3,230 / 4"
343,343,VIE,Thi Sen NGUYEN,0,0 - 0,,"3,230 / 4"
344,345,INA,Made Deya Surya SARASWATI,0,0 - 0,,"3,180 / 3"
345,346,TPE,Ting Yu LIANG,0,0 - 0,,"3,170 / 4"
346,347,AUS,Tiffany HO,-116,0 - 0,,"3,140 / 2"
347,348,THA,Karnjanavadee BUNSOMBOON,-1,0 - 0,,"3,120 / 4"
348,349,IND,Sara NAQVI,-1,0 - 0,,"3,120 / 2"
349,350,INA,Ganis Nur RAHMADANI,-1,0 - 0,,"3,110 / 3"
350,351,INA,Febby ANGGUNI,1,0 - 0,,"3,050 / 4"
351,352,PUR,Genesis VALENTIN,1,0 - 0,,"3,050 / 2"
352,353,CAN,Nadianie OUAQOUAQ-BERGERON,1,0 - 0,,"3,030 / 2"
353,354,TPE,SU Hsiang Ling,1,0 - 0,,"3,030 / 1"
354,354,KOR,KIM Moon Hi,1,0 - 0,,"3,030 / 1"
355,356,PER,Camila DUANY,1,0 - 0,,"3,010 / 4"
356,357,MAS,Jin Wei GOH,1,0 - 0,,"3,010 / 2"
357,358,RUS,Ksenia EVGENOVA,1,0 - 0,,"2,990 / 3"
358,358,RUS,Elizaveta TARASOVA,1,0 - 0,,"2,990 / 3"
359,358,RUS,Elizaveta PYATINA,1,0 - 0,,"2,990 / 3"
360,361,GER,Annika HORBACH,1,0 - 0,,"2,940 / 8"
361,362,AUT,Sarina KOHLFURST,1,0 - 0,,"2,920 / 5"
362,363,ENG,Ira BANERJEE,1,0 - 0,,"2,890 / 4"
363,364,BOT,Leungo Bronia TSHWENEETSILE,1,0 - 0,,"2,840 / 3"
364,364,IRI,Sara DELAVARI,-33,0 - 0,,"2,840 / 3"
365,366,CHN,JIA Wei,3,0 - 0,,"2,800 / 1"
366,366,UKR,GUSHCHA Viktoriya,3,0 - 0,,"2,800 / 1"
367,366,GER,Olga KONON,-128,0 - 0,,"2,800 / 1"
368,369,THA,Wisara MAKASASITORN,2,0 - 0,,"2,770 / 4"
369,370,USA,Disha GUPTA,2,0 - 0,,"2,760 / 3"
370,370,SIN,Ai Ninna TAN,2,0 - 0,,"2,760 / 3"
371,370,RSA,Michelle BUTLER-EMMETT,2,0 - 0,,"2,760 / 3"
372,373,BUL,Dimitria POPSTOIKOVA,-54,0 - 0,,"2,750 / 4"
373,374,ISR,Dana KUGEL,1,0 - 0,,"2,720 / 3"
374,375,INA,Renna SUWARNO,1,0 - 0,,"2,720 / 2"
375,376,CHN,CHEN Jiao,1,0 - 0,,"2,720 / 1"
376,376,INA,Berliyan SUDRAJAT,1,0 - 0,,"2,720 / 1"
377,376,INA,Ningrum TIKE ARIEDA,1,0 - 0,,"2,720 / 1"
378,379,SRI,Thilini Pramodika HENDAHEWA,1,0 - 0,,"2,680 / 3"
379,380,SUR,Crystal LEEFMANS,1,0 - 0,,"2,670 / 2"
380,381,CHN,CHEN Xiaoxin,1,0 - 0,,"2,660 / 1"
381,382,UKR,Anna MIKHALKOVA,1,0 - 0,,"2,650 / 3"
382,382,INA,Hemi YUANDA,1,0 - 0,,"2,650 / 3"
383,382,THA,Tassamon SANGKAWATANA,1,0 - 0,,"2,650 / 3"
384,385,FIN,Riikka SINKKO,1,0 - 0,,"2,640 / 5"
385,386,NZL,Vicki COPELAND,-36,0 - 0,,"2,640 / 3"
386,387,RUS,Anastasia KHARLAMPOVICH,0,0 - 0,,"2,630 / 7"
387,388,IND,Lalita DAHIYA,1,0 - 0,,"2,590 / 2"
388,388,INA,Mitzi Abigail PURNAMA,1,0 - 0,,"2,590 / 2"
389,390,ISR,Yana MOLODEZKI,1,0 - 0,,"2,580 / 3"
390,391,JPN,Haruko SUZUKI,1,0 - 0,,"2,580 / 2"
391,392,ENG,Helena LEWCZYNSKA,1,0 - 0,,"2,560 / 4"
392,393,NZL,Gaea GALVEZ,1,0 - 0,,"2,540 / 2"
393,394,TUR,Busra UNLU,1,0 - 0,,"2,490 / 7"
394,395,NZL,Soomi Lina LEE,1,0 - 0,,"2,470 / 2"
395,396,INA,Jauza Fadhila SUGIARTO,2,0 - 0,,"2,450 / 4"
396,397,EST,Kati-Kreet MARRAN,2,0 - 0,,"2,440 / 8"
397,398,NGR,Ufuoma OMENE,2,0 - 0,,"2,440 / 2"
398,398,NGR,Ruth AIYENUGBA,2,0 - 0,,"2,440 / 2"
399,398,JPN,Wakana NAGAHARA,2,0 - 0,,"2,440 / 2"
400,398,INA,Gabriela Meilani MONINGKA,2,0 - 0,,"2,440 / 2"
401,398,NGR,Zainab MOMOH,2,0 - 0,,"2,440 / 2"
402,398,TPE,Yu Chieh CHENG,2,0 - 0,,"2,440 / 2"
403,398,GUA,Krisley Nohemi LOPEZ,2,0 - 0,,"2,440 / 2"
404,405,FRA,Yaelle HOYAUX,2,0 - 0,,"2,420 / 6"
405,406,JPN,Eriko TAMAKI,2,0 - 0,,"2,400 / 2"
406,407,EST,Sale - Liis TEESALU,2,0 - 0,,"2,390 / 8"
407,408,RUS,Maria DMITRIEVA,2,0 - 0,,"2,390 / 3"
408,408,UGA,Daisy NAKALYANGO,2,0 - 0,,"2,390 / 3"
409,410,RUS,Anastasia RONZHINA,2,0 - 0,,"2,380 / 3"
410,411,VIE,Nguyen THUY LINH,2,0 - 0,,"2,350 / 3"
411,411,TPE,Yu Chen CHANG,2,0 - 0,,"2,350 / 3"
412,413,MAS,Peiy Zhean LIM,2,0 - 0,,"2,330 / 5"
413,414,BOT,Reitumetse MODISENYANE,2,0 - 0,,"2,290 / 2"
414,414,PUR,Saribel CACERES,2,0 - 0,,"2,290 / 2"
415,414,CUB,Tahimara OROPEZA,2,0 - 0,,"2,290 / 2"
416,414,NGR,Ketu ILOFUAN,2,0 - 0,,"2,290 / 2"
417,418,INA,Rosy Oktavia PANCASARI,2,0 - 0,,"2,220 / 4"
418,419,UGA,Aisha NAKIYEMBA,2,0 - 0,,"2,200 / 4"
419,420,JPN,Haruna KITA,2,0 - 0,,"2,200 / 1"
420,420,CHN,XU Wei,2,0 - 0,,"2,200 / 1"
421,420,CHN,LI Yun,2,0 - 0,,"2,200 / 1"
422,420,JPN,Sayaka HIROTA,2,0 - 0,,"2,200 / 1"
423,420,MAS,Soniia Su Ya CHEAH,0,0 - 0,,"2,200 / 1"
424,425,DEN,Camilla MARTENS,2,0 - 0,,"2,190 / 4"
425,426,UKR,Hrystyna DZHANGOBEKOVA,2,0 - 0,,"2,190 / 3"
426,427,ISL,Sara HOGNADOTTIR,3,0 - 0,,"2,159 / 4"
427,428,MAS,Ying Ying LEE,3,0 - 0,,"2,130 / 1"
428,429,KOR,Joo I JUN,3,0 - 0,,"2,120 / 3"
429,430,ENG,Tanapat PISITPONG,3,0 - 0,,"2,110 / 1"
430,430,CAN,Bethany SO,3,0 - 0,,"2,110 / 1"
431,432,IND,Yamini SHARMA,3,0 - 0,,"2,100 / 2"
432,433,NGR,Serimam BAJO,4,0 - 0,,"2,070 / 2"
433,433,BRA,Miria SILVA,4,0 - 0,,"2,070 / 2"
434,433,RUS,Julia ZAPOLSKAYA,4,0 - 0,,"2,070 / 2"
435,433,PER,Daniela ZAPATA,4,0 - 0,,"2,070 / 2"
436,437,BOT,Tebogo NDZINGE,4,0 - 0,,"2,045 / 3"
437,438,ZAM,Mary CHILAMBE,4,0 - 0,,"2,020 / 3"
438,439,RUS,Anastasia STOGOVA,6,0 - 0,,"2,000 / 6"
439,440,SWE,Lovisa JOHANSSON,6,0 - 0,,"1,980 / 6"
440,441,UZB,Anait KHURSHUDYAN,6,0 - 0,,"1,960 / 2"
441,442,EST,Helina RÃÃTEL,7,0 - 0,,"1,950 / 7"
442,443,ENG,Tsui-Yee LAU,7,0 - 0,,"1,950 / 2"
443,444,CUB,Ana Gloria PEREZ ECHEVARRIA,7,0 - 0,,"1,920 / 2"
444,444,MRI,Aurelie Marie Elisa ALLET,7,0 - 0,,"1,920 / 2"
445,446,NZL,Caragh ALLEY,7,0 - 0,,"1,920 / 1"
446,447,MAS,Sylvia Kavita KUMARES,-149,0 - 0,,"1,880 / 2"
447,448,IRL,Sara BOYLE,46,0 - 0,,"1,851 / 8"
448,449,NEP,Nangsal TAMANG,6,0 - 0,,"1,840 / 2"
449,449,NZL,Justine VILLEGAS,323,0 - 0,,"1,840 / 2"
450,449,RUS,Alina DAVLETOVA,6,0 - 0,,"1,840 / 2"
451,449,BRN,Sapna PRABHU,6,0 - 0,,"1,840 / 2"
452,449,NGR,Amin Yop CHRISTOPHER,6,0 - 0,,"1,840 / 2"
453,449,BRN,Sandra SAKARIA,6,0 - 0,,"1,840 / 2"
454,449,NZL,Rebecca GODDARD,323,0 - 0,,"1,840 / 2"
455,449,BOT,Bonolo AMOS,6,0 - 0,,"1,840 / 2"
456,449,AUS,Vinning MAK,6,0 - 0,,"1,840 / 2"
457,449,BRA,Thayse CRUZ,6,0 - 0,,"1,840 / 2"
458,449,NEP,Sara Devi TAMANG,6,0 - 0,,"1,840 / 2"
459,460,DEN,Amalie Hertz HANSEN,4,0 - 0,,"1,820 / 2"
460,460,UZB,Surayyo AHMADJONOVA,4,0 - 0,,"1,820 / 2"
461,462,FRA,Verlaine FAULMANN,4,0 - 0,,"1,810 / 4"
462,462,RUS,Olga LIPKINA,4,0 - 0,,"1,810 / 4"
463,464,HKG,CHAN Hung Yung,4,0 - 0,,"1,802 / 3"
464,465,IND,Dhanya NAIR,4,0 - 0,,"1,800 / 2"
465,466,BLR,Anastasiya CHERNIAVSKAYA,5,0 - 0,,"1,750 / 7"
466,467,MEX,Nicole MARQUEZ,5,0 - 0,,"1,750 / 1"
467,467,SIN,Hui Zhen Grace CHUA,5,0 - 0,,"1,750 / 1"
468,467,ETH,BERHANU Samrawit,5,0 - 0,,"1,750 / 1"
469,467,TRI,Solangel GUZMAN,5,0 - 0,,"1,750 / 1"
470,471,WAL,Jordan HART,-23,0 - 0,,"1,730 / 3"
471,472,CHN,GAO Fangjie,5,0 - 0,,"1,720 / 2"
472,472,PYF,Moehau HIRA,5,0 - 0,,"1,720 / 2"
473,472,NZL,Jasmin Chung Man NG,5,0 - 0,,"1,720 / 2"
474,472,AUS,Jacinta JOE,-152,0 - 0,,"1,720 / 2"
475,476,ESP,Isabel FERNANDEZ,4,0 - 0,,"1,680 / 3"
476,476,INA,Jesica MULJATI,4,0 - 0,,"1,680 / 3"
477,478,IND,MUKHERJEE Riya,4,0 - 0,,"1,670 / 1"
478,478,INA,Debora Rumete VEHRENICA,4,0 - 0,,"1,670 / 1"
479,478,INA,Devi Yunita INDAH SARI,4,0 - 0,,"1,670 / 1"
480,478,INA,Rifa Putri AIDA,4,0 - 0,,"1,670 / 1"
481,478,IND,Ekta KALIA,4,0 - 0,,"1,670 / 1"
482,478,INA,Mega Cahya Purnama LESTARI,4,0 - 0,,"1,670 / 1"
483,484,EST,Getter SAAR,4,0 - 0,,"1,660 / 4"
484,485,THA,Sunitha PATIMON,4,0 - 0,,"1,640 / 3"
485,485,BOT,Tessa KABELO,4,0 - 0,,"1,640 / 3"
486,487,RUS,Vitaliya CHIGINTSEVA,5,0 - 0,,"1,630 / 3"
487,488,IRL,Rachael DARRAGH,7,0 - 0,,"1,610 / 7"
488,489,DEN,Trine VILLADSEN,7,0 - 0,,"1,580 / 2"
489,489,AZE,Alizada PARVIN,7,0 - 0,,"1,580 / 2"
490,491,LAT,Jekaterina ROMANOVA,-62,0 - 0,,"1,560 / 6"
491,492,JEY,Solen PASTUREL,-141,0 - 0,,"1,560 / 4"
492,493,UZB,Valeriya MUSHTAKOVA,5,0 - 0,,"1,540 / 3"
493,494,SCO,Holly NEWALL,5,0 - 0,,"1,530 / 3"
494,495,INA,Aurum Oktavia WINATA,5,0 - 0,,"1,520 / 1"
495,495,BRA,Manoela GORI,5,0 - 0,,"1,520 / 1"
496,495,CAN,Camille LEBLANC,5,0 - 0,,"1,520 / 1"
497,495,CHN,LU Jingchen,5,0 - 0,,"1,520 / 1"
498,495,UKR,PROGREBNYAK Viktoriya,5,0 - 0,,"1,520 / 1"
499,495,CZE,Dana GRINENKO,5,0 - 0,,"1,520 / 1"
500,495,UKR,NADTOCHIY Olga,5,0 - 0,,"1,520 / 1"
501,495,NGR,Chineye IBERE,5,0 - 0,,"1,520 / 1"
502,495,SRI,Madushika Dilrukshi BERUWELAGE,5,0 - 0,,"1,520 / 1"
503,495,JPN,Shizuka INOUE,5,0 - 0,,"1,520 / 1"
504,495,BAN,Bristy KHATUN,5,0 - 0,,"1,520 / 1"
505,495,UKR,Yelyzaveta KRYACHKO,5,0 - 0,,"1,520 / 1"
506,495,IND,Kuhoo GARG,5,0 - 0,,"1,520 / 1"
507,495,BAN,Alina SULTANA,5,0 - 0,,"1,520 / 1"
508,495,GHA,Evelyn BOTWE,5,0 - 0,,"1,520 / 1"
509,495,GHA,Stella Koteikai AMASAH,5,0 - 0,,"1,520 / 1"
510,495,IRI,Yosra BEIGI,-73,0 - 0,,"1,520 / 1"
511,495,INA,Sylvina KURNIAWAN,5,0 - 0,,"1,520 / 1"
512,495,IND,Aparna BALAN,5,0 - 0,,"1,520 / 1"
513,514,ENG,Jessica HOPTON,5,0 - 0,,"1,510 / 3"
514,515,DEN,Claudia PAREDES,5,0 - 0,,"1,470 / 2"
515,515,NGR,Ngukuran AGIR,5,0 - 0,,"1,470 / 2"
516,515,NGR,Zainab AKINYEMI,5,0 - 0,,"1,470 / 2"
517,515,NGR,Patricia AKPUSUGH,5,0 - 0,,"1,470 / 2"
518,515,NGR,Olabisi IBIYEYE,5,0 - 0,,"1,470 / 2"
519,515,NGR,Beauty EDE,5,0 - 0,,"1,470 / 2"
520,515,NGR,Oluwatosin SOLADEMI,5,0 - 0,,"1,470 / 2"
521,515,AUS,Joniva ALMAZAN,5,0 - 0,,"1,470 / 2"
522,515,UGA,Najjuka GLORIA,5,0 - 0,,"1,470 / 2"
523,515,ARM,Lilit POGHOSYAN,5,0 - 0,,"1,470 / 2"
524,515,TPE,Ya-En CHIANG,5,0 - 0,,"1,470 / 2"
525,515,VEN,Damaris Mercedes ORTIZ PARADA,5,0 - 0,,"1,470 / 2"
526,515,CUB,Adriana ARTIZ ATAURY,5,0 - 0,,"1,470 / 2"
527,515,PUR,Jaylene FORESTIER,5,0 - 0,,"1,470 / 2"
528,515,DOM,Yamile Indira MARTÃNEZ GONZÃLEZ,5,0 - 0,,"1,470 / 2"
529,515,KEN,Lavina MARTINS,5,0 - 0,,"1,470 / 2"
530,515,CHI,Tingting CHOU,5,0 - 0,,"1,470 / 2"
531,515,CHI,Camila MACAYA,5,0 - 0,,"1,470 / 2"
532,515,NGR,Braimoh MARIA,5,0 - 0,,"1,470 / 2"
533,515,KEN,Mercy JOSEPH,5,0 - 0,,"1,470 / 2"
534,535,ITA,Ramona Gloria PIRVANESCU,7,0 - 0,,"1,440 / 3"
535,536,AUT,Anna DEMMELMAYER,7,0 - 0,,"1,420 / 4"
536,537,MAC,Kit Ieng WONG,7,0 - 0,,"1,410 / 3"
537,538,SRB,Sandra RUJEVIC,9,0 - 0,,"1,370 / 4"
538,539,LTU,Gerda VOITECHOVSKAJA,9,0 - 0,,"1,370 / 3"
539,540,DEN,Alexandra BOJE,9,0 - 0,,"1,370 / 1"
540,540,MEX,Cassandra RIVERO,9,0 - 0,,"1,370 / 1"
541,540,THA,Napatsorn INTARATCHAIKIJ,9,0 - 0,,"1,370 / 1"
542,540,MEX,Dafne HERNANDEZ,9,0 - 0,,"1,370 / 1"
543,540,DOM,Anny Elizabeth SANCHEZ MATOS,9,0 - 0,,"1,370 / 1"
544,540,DOM,Nairoby Abigail JIMENEZ,9,0 - 0,,"1,370 / 1"
545,540,SIN,Jia Ying Crystal WONG,9,0 - 0,,"1,370 / 1"
546,540,MAS,Thinaah M.,9,0 - 0,,"1,370 / 1"
547,540,ETH,DANIEL Mahlet,9,0 - 0,,"1,370 / 1"
548,540,ETH,GETACHEW Firehiwot,9,0 - 0,,"1,370 / 1"
549,540,THA,Thanwaraj RATANAMANO,9,0 - 0,,"1,370 / 1"
550,540,DOM,Yuliana FAÃA,9,0 - 0,,"1,370 / 1"
551,540,UZB,Mariya PAKINA,9,0 - 0,,"1,370 / 1"
552,540,JOR,Mazahreh LEINA FEHMI,9,0 - 0,,"1,370 / 1"
553,540,SUR,Priscila TJITRODIPO,9,0 - 0,,"1,370 / 1"
554,540,DEN,Louise HANSEN,9,0 - 0,,"1,370 / 1"
555,556,IND,Jacqueline Rose KUNNATH,9,0 - 0,,"1,350 / 2"
556,557,COK,Ngaoa RANGINUI,0,0 - 0,,"1,290 / 1"
557,557,NZL,Tegan WESTON,0,0 - 0,,"1,290 / 1"
558,557,NZL,Courtney TRILLO,0,0 - 0,,"1,290 / 1"
559,557,COK,Kate SCOTT,0,0 - 0,,"1,290 / 1"
560,557,USA,Sydney LEE,10,0 - 0,,"1,290 / 1"
561,557,RUS,Valeriia MAKKOVEEVA,10,0 - 0,,"1,290 / 1"
562,557,RUS,Daria RADCHENKO,10,0 - 0,,"1,290 / 1"
563,557,RUS,Olesia KISTER,10,0 - 0,,"1,290 / 1"
564,557,CAN,Wendy ZHANG,10,0 - 0,,"1,290 / 1"
565,557,CAN,Qingzi OUYANG,10,0 - 0,,"1,290 / 1"
566,557,USA,Ariel LEE,10,0 - 0,,"1,290 / 1"
567,557,CAN,Anne-Julie BEAULIEU,10,0 - 0,,"1,290 / 1"
568,557,NZL,Maysell DOWNEY,0,0 - 0,,"1,290 / 1"
569,557,RUS,Kristina AVERKINA,10,0 - 0,,"1,290 / 1"
570,557,KOR,PARK So Young,10,0 - 0,,"1,290 / 1"
571,557,USA,PHONGASAVITHAS Anoma,10,0 - 0,,"1,290 / 1"
572,557,KOR,YANG Ran Sun,10,0 - 0,,"1,290 / 1"
573,557,USA,Vimla PHONGASAVITHAS,10,0 - 0,,"1,290 / 1"
574,557,USA,Shannon POHL,10,0 - 0,,"1,290 / 1"
575,557,BAR,Sabrina SCOTT,10,0 - 0,,"1,290 / 1"
576,577,MAC,Teng Iok U,5,0 - 0,,"1,280 / 4"
577,578,THA,Nattcha CHATPUTTARN,5,0 - 0,,"1,280 / 2"
578,578,THA,Chananchida JUCHAROEN,5,0 - 0,,"1,280 / 2"
579,578,VIE,Thi Phuong Mai DO,5,0 - 0,,"1,280 / 2"
580,581,CZE,Alzbeta BASOVA,5,0 - 0,,"1,270 / 9"
581,582,GER,Luise HEIM,-138,0 - 0,,"1,270 / 3"
582,582,GER,Claudia VOGELGSANG,5,0 - 0,,"1,270 / 3"
583,584,RUS,Polina VORONKO,4,0 - 0,,"1,250 / 4"
584,585,IND,Seema PANCHAL,4,0 - 0,,"1,240 / 2"
585,585,IND,Ritu VINAYAK,4,0 - 0,,"1,240 / 2"
586,587,SCO,Julie MACPHERSON,4,0 - 0,,"1,230 / 3"
587,588,TUR,NazlÄ±can INCI,4,0 - 0,,"1,200 / 3"
588,589,RUS,Daria SEREBRIAKOVA,4,0 - 0,,"1,170 / 3"
589,590,NZL,Pingkan POLAK,4,0 - 0,,"1,170 / 1"
590,590,NZL,Christine ZHANG,4,0 - 0,,"1,170 / 1"
591,590,NZL,Selena WU,4,0 - 0,,"1,170 / 1"
592,590,TGA,Litea Lupe Moe Valu TATAFU,-99,0 - 0,,"1,170 / 1"
593,590,NZL,Angie LEUNG,4,0 - 0,,"1,170 / 1"
594,595,RUS,Ekaterina KUT,4,0 - 0,,"1,140 / 5"
595,596,SEY,Danielle JUPITER,4,0 - 0,,"1,130 / 2"
596,596,IRI,Sahabeh FARD,-120,0 - 0,,"1,130 / 2"
597,598,THA,Ruethaichanok LAISUAN,3,0 - 0,,"1,120 / 3"
598,599,ZAM,Elizaberth CHIPELEME,3,0 - 0,,"1,100 / 2"
599,599,ZAM,Lucrecia CHISENGA,3,0 - 0,,"1,100 / 2"
600,599,ZAM,Jenipher PHIRI,3,0 - 0,,"1,100 / 2"
601,599,DEN,Mathilde BJERGEN,3,0 - 0,,"1,100 / 2"
602,599,BOT,Kgalalelo KEGAKILWE,3,0 - 0,,"1,100 / 2"
603,599,KEN,Sheila WANJIRU,3,0 - 0,,"1,100 / 2"
604,599,TUR,KÃ¼bra KARATAS,-157,0 - 0,,"1,100 / 2"
605,599,SCO,Rebekka FINDLAY,-53,0 - 0,,"1,100 / 2"
606,607,GER,Theresa WURM,1,0 - 0,,"1,090 / 2"
607,607,TPE,I-Ting LAI,1,0 - 0,,"1,090 / 2"
608,607,MEX,Monserrat SOTO,1,0 - 0,,"1,090 / 2"
609,607,FRA,Katia NORMAND,1,0 - 0,,"1,090 / 2"
610,607,BUL,Lubomira STOYNOVA,1,0 - 0,,"1,090 / 2"
611,612,LTU,Gabriele JANUSONYTE,1,0 - 0,,"1,050 / 3"
612,613,JPN,Yukino NAKAI,1,0 - 0,,"1,050 / 2"
613,614,TUR,Busra YALÃINKAYA,1,0 - 0,,"1,020 / 2"
614,614,AZE,Huseynova ZULFIYYA,1,0 - 0,,"1,020 / 2"
615,616,SLO,Tina KODRIC,1,0 - 0,,"1,010 / 4"
616,617,TUR,Emine DEMIRTAS,1,0 - 0,,"1,000 / 3"
617,618,SWE,Amanda ANDERN,1,0 - 0,,990 / 5
618,619,SWE,Frida LINDSTROM,1,0 - 0,,990 / 2
619,619,ENG,Helena DEKKER,1,0 - 0,,990 / 2
620,621,MLT,SADOWSKI Fiorella Marie,1,0 - 0,,970 / 5
621,622,VIE,Nguyen Thi NGOC THUY,1,0 - 0,,960 / 3
622,622,VIE,TON Nu Khai Thu,1,0 - 0,,960 / 3
623,624,LTU,Vytaute FOMKINAITE,1,0 - 0,,950 / 2
624,625,AUT,Nathalie ZIESIG,1,0 - 0,,930 / 4
625,626,IRI,SHABIHI Yasamin,0,0 - 0,,920 / 1
626,626,IRI,HAMEDANCHI AZAD Hale,0,0 - 0,,920 / 1
627,626,BOT,Laone MOSEKIEMANG,1,0 - 0,,920 / 1
628,626,DOM,Luz Clarita VALDEZ OGANDO,1,0 - 0,,920 / 1
629,626,NEP,Amita GIRI,1,0 - 0,,920 / 1
630,626,NEP,Meena SHRESTHA,1,0 - 0,,920 / 1
631,626,ZAM,Penelope MUDENDA,1,0 - 0,,920 / 1
632,626,ENG,Til'Shiloh SHAW,1,0 - 0,,920 / 1
633,626,ENG,Miu Lin NGAN,1,0 - 0,,920 / 1
634,626,SUI,Ronja STERN,1,0 - 0,,920 / 1
635,626,SUR,Shemara LINDVELD,1,0 - 0,,920 / 1
636,626,PAK,Ghazala SADDIQUE,1,0 - 0,,920 / 1
637,626,BRA,Morelli THAIS,1,0 - 0,,920 / 1
638,626,BRA,Beatriz CONTI,1,0 - 0,,920 / 1
639,626,NGR,Felicia OMOTOLA,1,0 - 0,,920 / 1
640,626,NGR,Asisat OGUNKANBI,1,0 - 0,,920 / 1
641,626,ISR,Yuval PUGACH,1,0 - 0,,920 / 1
642,626,CAN,Cynthia CHEN,1,0 - 0,,920 / 1
643,626,THA,Pattarasuda CHAIWAN,1,0 - 0,,920 / 1
644,626,AUS,Weijin MIN,1,0 - 0,,920 / 1
645,626,AUS,Ysabel SAY,1,0 - 0,,920 / 1
646,626,AUS,Sirina FAN,1,0 - 0,,920 / 1
647,626,CHN,CAO Tong Wei,1,0 - 0,,920 / 1
648,626,COL,Bibiana PESTANA,1,0 - 0,,920 / 1
649,626,COL,Laura Valentina LONDONO,1,0 - 0,,920 / 1
650,626,COL,Tatiana CAICEDO MUNOZ,1,0 - 0,,920 / 1
651,626,COL,Angela ORDOÃEZ,1,0 - 0,,920 / 1
652,626,COL,Magly VILLAMIZAR ORDONEZ,1,0 - 0,,920 / 1
653,626,UKR,Anastasia PETRENKO,1,0 - 0,,920 / 1
654,626,UKR,Anastasiya PROZOROVA,1,0 - 0,,920 / 1
655,626,UKR,Kateryna ARKHIPOVA,1,0 - 0,,920 / 1
656,626,UKR,Nataliia GOLOVKINA,1,0 - 0,,920 / 1
657,626,GUA,Maria de Los Angeles MENDOZA BARRIOS,1,0 - 0,,920 / 1
658,626,GUA,Ana Paula ABALLI ARRIOLA,1,0 - 0,,920 / 1
659,626,RUS,Yana IGNATYEVA,1,0 - 0,,920 / 1
660,626,RUS,Sabina ALIEVA,1,0 - 0,,920 / 1
661,626,BRN,Hazel TRINIDAD,1,0 - 0,,920 / 1
662,626,NGR,Odunayo ADEKUNLE,1,0 - 0,,920 / 1
663,626,NGR,Oby OMONEHIN-NKEREMYZOR,1,0 - 0,,920 / 1
664,626,PHI,Mariya Anghela SEVILLA,1,0 - 0,,920 / 1
665,626,SWE,Elin SVENSSON,1,0 - 0,,920 / 1
666,626,JPN,Mayu NAKAMURA,1,0 - 0,,920 / 1
667,626,FRA,Gaelle BOURLART,1,0 - 0,,920 / 1
668,626,AUS,Lee Yen KHOO,-260,0 - 0,,920 / 1
669,626,IRI,Zahra KAHRIZI,1,0 - 0,,920 / 1
670,626,BAN,MST Rehana PARVIN,1,0 - 0,,920 / 1
671,626,JOR,Domou AMRO,1,0 - 0,,920 / 1
672,626,DOM,Bermary Altagracia POLANCO MUNOZ,1,0 - 0,,920 / 1
673,626,ISR,Margeret LURIE,1,0 - 0,,920 / 1
674,626,ISR,Dana DANILENKO,1,0 - 0,,920 / 1
675,626,NGR,Funke ADEGBITE,1,0 - 0,,920 / 1
676,626,GHA,Diana ARCHER,1,0 - 0,,920 / 1
677,626,NGR,Uchechukwu Deborah UKEH,1,0 - 0,,920 / 1
678,626,JAM,Ruth WILLIAMS,1,0 - 0,,920 / 1
679,626,BRA,Leticia KONNO,1,0 - 0,,920 / 1
680,626,CAN,Danica LAU,1,0 - 0,,920 / 1
681,626,TPE,Wen Chi HSU,1,0 - 0,,920 / 1
682,626,MAS,Tong Xin LEE,1,0 - 0,,920 / 1
683,626,AUS,Michelle TAM,1,0 - 0,,920 / 1
684,626,TPE,Hsin Ping CHANG,1,0 - 0,,920 / 1
685,626,IRI,Fatemeh SARVGHADI,0,0 - 0,,920 / 1
686,626,IRI,Sara KEYVAN,1,0 - 0,,920 / 1
687,626,ENG,Paige BUTLER,1,0 - 0,,920 / 1
688,626,SUR,Santusha RAMZAN,1,0 - 0,,920 / 1
689,626,BRN,Rehana SUNDER,1,0 - 0,,920 / 1
690,626,USA,REDDY Deepti,1,0 - 0,,920 / 1
691,626,SUI,Simone VON ROTZ,1,0 - 0,,920 / 1
692,626,ETH,AFEWORK Rakeb,1,0 - 0,,920 / 1
693,626,ETH,BELETE Melat,1,0 - 0,,920 / 1
694,626,ETH,TADESSE Samrawit,1,0 - 0,,920 / 1
695,626,ETH,LEYIKUN Radiate,1,0 - 0,,920 / 1
696,626,ETH,KIDANEMARIAM Eyerusalem,1,0 - 0,,920 / 1
697,626,BRA,Estefane VENTURA,1,0 - 0,,920 / 1
698,626,UKR,Viktoriya SHALAEVA,1,0 - 0,,920 / 1
699,626,UKR,Anastasiya BURYAN,1,0 - 0,,920 / 1
700,626,GUA,Alejandra SAMAYOA ARREAGA,1,0 - 0,,920 / 1
701,626,MRI,Sheem SANDOOYEEA,1,0 - 0,,920 / 1
702,626,IND,Daksha GAUTAM,1,0 - 0,,920 / 1
703,626,SUR,Sherifa JAMESON,1,0 - 0,,920 / 1
704,626,BOT,Penouua KAHAKA,1,0 - 0,,920 / 1
705,626,ETH,Yerusksew Legssey TURA,1,0 - 0,,920 / 1
706,626,TRI,Kamasha ROBERTSON,1,0 - 0,,920 / 1
707,626,MRI,Shaama SANDOOYEA,1,0 - 0,,920 / 1
708,626,AUS,Tegan BERRY,1,0 - 0,,920 / 1
709,626,POL,Edyta TARASEWICZ,1,0 - 0,,920 / 1
710,626,UGA,Brenda NABUSINDO,1,0 - 0,,920 / 1
711,626,IRI,Feizmanesh ELNAZ,1,0 - 0,,920 / 1
712,626,IRI,Safora ZAMANLO,1,0 - 0,,920 / 1
713,626,IRL,Alannah STEPHENSON,-60,0 - 0,,920 / 1
714,626,COL,Natalia ROMERO,1,0 - 0,,920 / 1
715,626,TPE,TAI Ching Chieh,1,0 - 0,,920 / 1
716,626,UKR,Anastasiya DMYTRYSHYN,1,0 - 0,,920 / 1
717,626,COL,Maria VARGAS,1,0 - 0,,920 / 1
718,626,TPE,CHEN Yen Hua,1,0 - 0,,920 / 1
719,626,SUR,Rugshaar ISHAAK,1,0 - 0,,920 / 1
720,626,BRA,Claudia LOW,1,0 - 0,,920 / 1
721,626,UGA,Mable NAMAKOYE,1,0 - 0,,920 / 1
722,626,UGA,Brenda AWOR,1,0 - 0,,920 / 1
723,626,BAN,Aktar SHAPLA,1,0 - 0,,920 / 1
724,626,EGY,Noran Hassan EL BANNA,1,0 - 0,,920 / 1
725,626,UGA,Margaret NANKABIRWA,1,0 - 0,,920 / 1
726,626,TPE,CHENG Shao Chieh,1,0 - 0,,920 / 1
727,626,SRI,Thilini JAYASINGHE,1,0 - 0,,920 / 1
728,626,SUR,Danielle MELCHIOT,1,0 - 0,,920 / 1
729,626,IND,Mohita SAHDEV,1,0 - 0,,920 / 1
730,626,UKR,Elena PRUS,1,0 - 0,,920 / 1
731,732,BLR,Krestina SILICH,-1,0 - 0,,910 / 3
732,733,THA,Laksika KANLAHA,-1,0 - 0,,910 / 2
733,733,NGR,Oluwaseun ADETILOYE,-1,0 - 0,,910 / 2
734,733,THA,Banthita KHAMSAITONG,-1,0 - 0,,910 / 2
735,733,SIN,Chun Yi Deline QUEK,-1,0 - 0,,910 / 2
736,737,GRE,Irini TENTA,-1,0 - 0,,890 / 4
737,738,JPN,Natsuki NIDAIRA,-1,0 - 0,,880 / 1
738,738,IND,Sanchali DASGUPTA,-1,0 - 0,,880 / 1
739,738,IND,Sanskriti CHHABRA,-1,0 - 0,,880 / 1
740,741,TUR,Bengisu ERCETIN,-1,0 - 0,,860 / 3
741,742,CZE,Veronika KOLDOVA,-1,0 - 0,,840 / 3
742,743,ITA,Lisa IVERSEN,-1,0 - 0,,770 / 3
743,744,RUS,Olga TROFIMOVA,-1,0 - 0,,770 / 2
744,744,BEL,Presence BEELEN,-1,0 - 0,,770 / 2
745,746,ISL,MargrÃ©t JOHANNSDOTTIR,-276,0 - 0,,760 / 3
746,747,TUR,Merve COBAN,-2,0 - 0,,760 / 2
747,748,PHI,Sarah Joy BARREDO,-1,0 - 0,,720 / 2
748,748,SWE,Clara NISTAD,-1,0 - 0,,720 / 2
749,748,NZL,Maria MASINIPENI,-1,0 - 0,,720 / 2
750,748,VIE,Ngoc Anh NGUYEN,-1,0 - 0,,720 / 2
751,752,IND,Pooja ANTIL,-1,0 - 0,,680 / 2
752,753,INA,Ayu Gary Luma MAHARANI,-1,0 - 0,,660 / 1
753,753,JPN,Aoi MATSUDA,-1,0 - 0,,660 / 1
754,753,INA,Desandha Vegarani PUTRI,-1,0 - 0,,660 / 1
755,753,IND,VADDEPALLY Pramada,-1,0 - 0,,660 / 1
756,753,ITA,Claudia GRUBER,-1,0 - 0,,660 / 1
757,758,NOR,Elisa WIBORG,0,0 - 0,,650 / 2
758,758,NOR,Linn Lilian STENRUD,0,0 - 0,,650 / 2
759,758,TUR,Ãzge OZER,0,0 - 0,,650 / 2
760,761,SEY,Allisen CAMILLE,0,0 - 0,,626 / 1
761,762,GER,Lisa KAMINSKI,0,0 - 0,,620 / 2
762,763,TPE,Yu-Ting HUANG,0,0 - 0,,600 / 2
763,764,NOR,Anne KLYVE,0,0 - 0,,600 / 1
764,765,SWE,Berfin ASLAN,0,0 - 0,,590 / 4
765,766,THA,Ornnicha JONGSATHAPORNPARN,0,0 - 0,,570 / 2
766,766,THA,Natthakorn JAIAREREE,0,0 - 0,,570 / 2
767,768,CMR,Louise Lisane MBAS,0,0 - 0,,552 / 2
768,769,CMR,Manuella ABENAMBIDA,0,0 - 0,,550 / 2
769,769,ZIM,Ruvimbo Melissa DVIZA,0,0 - 0,,550 / 2
770,769,CMR,Cookey MSWANI,0,0 - 0,,550 / 2
771,772,ISL,Arna Karen JOHANNSDOTTIR,0,0 - 0,,550 / 1
772,772,ISL,Jona Kristin HJARTARDOTTIR,0,0 - 0,,550 / 1
773,772,BOT,Onkemetse PHOKONTSE,0,0 - 0,,550 / 1
774,772,BOT,Gaone MPATI,0,0 - 0,,550 / 1
775,772,BOT,Maranyane TUELO,0,0 - 0,,550 / 1
776,772,BOT,Motheo MOKOTEDI,0,0 - 0,,550 / 1
777,772,RSA,Johanita SCHOLTZ,0,0 - 0,,550 / 1
778,772,RSA,Tshepiso Annha Queen DANIELS,0,0 - 0,,550 / 1
779,772,RSA,Zani VAN DER MERWE,0,0 - 0,,550 / 1
780,772,ZAM,Joy CHIKWANDA,0,0 - 0,,550 / 1
781,772,ITA,Megumi SONODA,0,0 - 0,,550 / 1
782,772,MEX,Yaqueline DUARTE,0,0 - 0,,550 / 1
783,772,MEX,Sharon Naomi DIAZ VEGA,0,0 - 0,,550 / 1
784,772,MEX,Brenda MENDEZ,0,0 - 0,,550 / 1
785,772,MEX,Karen OLAGUEZ,0,0 - 0,,550 / 1
786,772,MEX,Adelina QUIÃONES,0,0 - 0,,550 / 1
787,772,MEX,Yesenia DUARTE,0,0 - 0,,550 / 1
788,772,NGR,Dorcas Oluwadamilola EGBEYEMI,0,0 - 0,,550 / 1
789,772,NGR,Victory AMAIZE,0,0 - 0,,550 / 1
790,772,NGR,Juliana JACOB,0,0 - 0,,550 / 1
791,772,NGR,Mariam Yetunde OKE,0,0 - 0,,550 / 1
792,772,NGR,Grace IJADARE,0,0 - 0,,550 / 1
793,772,NGR,Christiana BRAIMAH,0,0 - 0,,550 / 1
794,772,ETH,Fasika BISRAT,0,0 - 0,,550 / 1
795,772,COL,Liceth Camila SANCHEZ LOZANO,0,0 - 0,,550 / 1
796,772,COL,Maryi ORDONEZ CABRERA,0,0 - 0,,550 / 1
797,772,COL,Valentina MONTENEGRO,0,0 - 0,,550 / 1
798,772,COL,Isabel ISAZA,0,0 - 0,,550 / 1
799,772,COL,Dana CASTELLANOS,0,0 - 0,,550 / 1
800,772,COL,Juliana GIRALDO,0,0 - 0,,550 / 1
801,772,CRC,Lauren VILLALOBOS,0,0 - 0,,550 / 1
802,772,COL,Angy ORTIZ,0,0 - 0,,550 / 1
803,772,COL,Cristina RAMIREZ,0,0 - 0,,550 / 1
804,772,COL,Maria Julieth PEREZ TANGARIFE,0,0 - 0,,550 / 1
805,772,PYF,Aurelie BOUTIN,0,0 - 0,,550 / 1
806,772,INA,Florencya VIONI,0,0 - 0,,550 / 1
807,772,SIN,Ren-ne ONG,0,0 - 0,,550 / 1
808,772,CHI,Maria HENRIQUEZ,0,0 - 0,,550 / 1
809,772,CHI,Paulina PONTIGO,0,0 - 0,,550 / 1
810,772,CHI,Niria BAEZA,0,0 - 0,,550 / 1
811,772,CHI,Isidora MONTERO,0,0 - 0,,550 / 1
812,772,CHI,Maria EASTON,0,0 - 0,,550 / 1
813,772,CHI,Andrea MONTERO,0,0 - 0,,550 / 1
814,772,KEN,Naliaka MALABA,0,0 - 0,,550 / 1
815,772,KEN,Naylee NAGDA,0,0 - 0,,550 / 1
816,772,KEN,Agnes Nyandiko ODINGA,0,0 - 0,,550 / 1
817,772,KEN,Ndungu WANGARI,0,0 - 0,,550 / 1
818,772,KEN,Rachael Wangari MUTURI,0,0 - 0,,550 / 1
819,772,UGA,Phiona SEMBOGO,0,0 - 0,,550 / 1
820,772,KEN,Wangui MUTURI,0,0 - 0,,550 / 1
821,772,MRI,Shania LEUNG,0,0 - 0,,550 / 1
822,772,MRI,Smiti RAMCHURN,0,0 - 0,,550 / 1
823,772,MRI,Judith Virusha TEEROOVENGADUM,0,0 - 0,,550 / 1
824,772,ARG,Ana MONTEFINALE,0,0 - 0,,550 / 1
825,772,ARG,Camila NOLASCO,0,0 - 0,,550 / 1
826,772,ARG,Natalia MONTIEL,0,0 - 0,,550 / 1
827,772,ARG,Barbara Maria BERRUEZO,0,0 - 0,,550 / 1
828,772,GRE,Zoi ALELI,0,0 - 0,,550 / 1
829,772,SLO,Ema CIZELJ,0,0 - 0,,550 / 1
830,772,BOT,Tshoganetso BANEWANG,0,0 - 0,,550 / 1
831,772,ZIM,Sophia FERNANDES,0,0 - 0,,550 / 1
832,772,CMR,Bibiane EWANE NGOBI,0,0 - 0,,550 / 1
833,772,PHI,Alyssa GEVERJUAN,0,0 - 0,,550 / 1
834,772,THA,Dolaporn RUHAKARN,0,0 - 0,,550 / 1
835,772,AUS,Jing WU,0,0 - 0,,550 / 1
836,772,NED,Wendy HOEVE,0,0 - 0,,550 / 1
837,772,CUB,Melissa AZCUY PEREZ,0,0 - 0,,550 / 1
838,772,ISL,Margret FINNBOGADOTTIR,0,0 - 0,,550 / 1
839,772,ISL,Harpa HILMISDOTTIR,0,0 - 0,,550 / 1
840,772,ISL,Alda Karen JONSDOTTIR,0,0 - 0,,550 / 1
841,772,DEN,Sia Emilie BERG,0,0 - 0,,550 / 1
842,772,RSA,Karabelo Graticia ROBERTS,0,0 - 0,,550 / 1
843,772,RSA,Lehandre SCHOEMAN,0,0 - 0,,550 / 1
844,772,MEX,Andrea Janitzitzi GARCIA,0,0 - 0,,550 / 1
845,772,MEX,Daniela CRUZ,0,0 - 0,,550 / 1
846,772,BRA,Jaqueline KEMPNER,0,0 - 0,,550 / 1
847,772,FRA,Diela PERIANAYAGOM,0,0 - 0,,550 / 1
848,772,FRA,Marthe GUICHARD,0,0 - 0,,550 / 1
849,772,SEY,Chlorie CADEAU,0,0 - 0,,550 / 1
850,772,MAS,Bhirentha A. KARUPATHEVAN,0,0 - 0,,550 / 1
851,772,KEN,Susan WANGARI,0,0 - 0,,550 / 1
852,772,BRA,Ianca MENDES,0,0 - 0,,550 / 1
853,772,BRA,Camila ALMEIDA LIMA,0,0 - 0,,550 / 1
854,772,BRA,Bianca DE OLIVEIRA LIMA,0,0 - 0,,550 / 1
855,772,PYF,Coralie BOUTTIN,0,0 - 0,,550 / 1
856,772,AUS,Grace NGIAM,0,0 - 0,,550 / 1
857,772,VEN,MARTÃNEZ RODRÃGUEZ Katherine Andreina,0,0 - 0,,550 / 1
858,772,ROU,Ana-Madalina BRATU,0,0 - 0,,550 / 1
859,772,BOT,Keorapetse MOATSHE,0,0 - 0,,550 / 1
860,772,BOT,MALEPA Dintle,0,0 - 0,,550 / 1
861,772,ISL,Sigridur ARNADOTTIR,0,0 - 0,,550 / 1
862,772,BRA,Naira Beatriz VIER,0,0 - 0,,550 / 1
863,772,VEN,MARTÃNEZ MACHUCA Michelle Zorileth,0,0 - 0,,550 / 1
864,772,VEN,LOBO DELGADO Celena Jose,0,0 - 0,,550 / 1
865,772,VEN,RIVAS MORENO Adriana,0,0 - 0,,550 / 1
866,772,MRI,Amjum RASSOOLKHAN,0,0 - 0,,550 / 1
867,772,NED,Manon SIBBALD,0,0 - 0,,550 / 1
868,772,AUS,Joo Yiet LEE,0,0 - 0,,550 / 1
869,772,VIE,NGUYEN THI THAO MAI,0,0 - 0,,550 / 1
870,772,NGR,Augustina EBHOMIEN SUNDAY,0,0 - 0,,550 / 1
871,772,TUR,BÃ¼Åra BENK,0,0 - 0,,550 / 1
872,772,VEN,Leidy TOVAR,0,0 - 0,,550 / 1
873,772,VIE,Thi My Tra LE,0,0 - 0,,550 / 1
874,772,NED,Kirsten Van Der VALK,0,0 - 0,,550 / 1
875,772,COL,Laura SANCHEZ,0,0 - 0,,550 / 1
876,772,ISL,Thorbjorg KRISTINSDOTTIR,0,0 - 0,,550 / 1
877,772,COL,CRISTINA Garnica,0,0 - 0,,550 / 1
878,772,MRI,Marlyse MARQUER,0,0 - 0,,550 / 1
879,772,SYR,Sanaa MAHMOUD,-252,0 - 0,,550 / 1
880,772,KEN,Naomi KEMUNTO,0,0 - 0,,550 / 1
881,772,KEN,Sheila GAKII NJAGE,0,0 - 0,,550 / 1
882,772,ZAM,Ngandwe MIYAMBO,0,0 - 0,,550 / 1
883,772,RSA,Stacey DOUBELL,0,0 - 0,,550 / 1
884,772,TRI,Nekeisha BLAKE,0,0 - 0,,550 / 1
885,772,BUL,Gergana BARAMOVA,0,0 - 0,,550 / 1
886,772,ESP,Laura MOLINA,0,0 - 0,,550 / 1
887,888,ESP,Manuela DIAZ,1,0 - 0,,530 / 2
888,889,DEN,Cecilie SENTOW,1,0 - 0,,520 / 2
889,889,RUS,Anastasia DOBRININA,1,0 - 0,,520 / 2
890,891,CAN,Zin Yee Cheryl CHUNG,1,0 - 0,,510 / 1
891,891,KOR,KIM Soo Jin,1,0 - 0,,510 / 1
892,893,FIN,Anna PAAVOLA,1,0 - 0,,490 / 4
893,894,INA,Rhidatia Eka PUTRI,1,0 - 0,,490 / 2
894,894,INA,Ni Made Pranita SULISTYA DEVI,1,0 - 0,,490 / 2
895,896,FRA,Delphine DELRUE,1,0 - 0,,480 / 3
896,896,FIN,Tuuli HARKONEN,1,0 - 0,,480 / 3
897,898,ESP,Laura SAMANIEGO,3,0 - 0,,460 / 4
898,899,RUS,Anastasia NESTEROVA,3,0 - 0,,460 / 2
899,899,ESP,Laura PRIMO,3,0 - 0,,460 / 2
900,901,CZE,Sabina MILOVA,12,0 - 0,,450 / 2
901,901,RUS,Olga ROGOVA,12,0 - 0,,450 / 2
902,903,RUS,Alexandra PLIS,12,0 - 0,,440 / 3
903,903,RUS,Simona KONONYKHINA,12,0 - 0,,440 / 3
904,905,IND,Jagriti NASHIER,12,0 - 0,,430 / 1
905,905,IND,Santoshi Hasini R,12,0 - 0,,430 / 1
906,905,IND,Rachita SAHDEV,12,0 - 0,,430 / 1
907,908,SUI,Michelle SCHAER,12,0 - 0,,420 / 4
908,909,ENG,Nicola GRESTY,12,0 - 0,,410 / 2
909,909,ENG,Devon MINNIS,12,0 - 0,,410 / 2
910,911,THA,Sararat CHUEBOCA,12,0 - 0,,400 / 2
911,911,ROU,Sonia OLARIU,12,0 - 0,,400 / 2
912,913,FIN,Karoliina LATOLA,12,0 - 0,,370 / 3
913,914,TKM,Yana SARKISYAN,0,0 - 0,,360 / 1
914,914,ARM,Anahit MANUKYAN,0,0 - 0,,360 / 1
915,914,IRI,Samin ABEDKHOJASTEH,0,0 - 0,,360 / 1
916,914,THA,Fareeda LOOG,12,0 - 0,,360 / 1
917,914,ENG,Fee Teng LIEW,12,0 - 0,,360 / 1
918,914,MAS,Bao Ying LOH,12,0 - 0,,360 / 1
919,914,BRA,Vera GUEDES COSTA,12,0 - 0,,360 / 1
920,914,BRA,Mariana COUTO,12,0 - 0,,360 / 1
921,914,AUS,Himeli SENANAYAKE,12,0 - 0,,360 / 1
922,914,AUS,Chloe LEE,12,0 - 0,,360 / 1
923,914,RUS,Irina SHOROKHOVA,12,0 - 0,,360 / 1
924,914,RUS,Kristina VIRVICH,12,0 - 0,,360 / 1
925,914,NGR,Peace ORJI,12,0 - 0,,360 / 1
926,914,GHA,Victoria ASMAH,12,0 - 0,,360 / 1
927,914,NGR,Ibechile Gloria ACHAKPO,12,0 - 0,,360 / 1
928,914,SRI,Buthmi Asini GALAGAMAGE,12,0 - 0,,360 / 1
929,914,JPN,Saena KAWAKAMI,12,0 - 0,,360 / 1
930,914,JPN,Moe ARAKI,12,0 - 0,,360 / 1
931,914,JPN,Natsuki OIE,12,0 - 0,,360 / 1
932,914,FRA,Stephanie CLOAREC,12,0 - 0,,360 / 1
933,914,IRI,Yeganeh KERMANI,12,0 - 0,,360 / 1
934,914,IRI,Kiana HASHEMI,12,0 - 0,,360 / 1
935,914,ARM,Marieta NIKOYAN,12,0 - 0,,360 / 1
936,914,IND,Meenu SINGH,12,0 - 0,,360 / 1
937,914,RUS,Anastasia REDKINA,12,0 - 0,,360 / 1
938,914,INA,Narulia. R ERSA,12,0 - 0,,360 / 1
939,914,AUS,Janet SON,12,0 - 0,,360 / 1
940,914,IRI,Moloud ESMAEILI,-287,0 - 0,,360 / 1
941,914,SRI,Oshadie KURUPPU,12,0 - 0,,360 / 1
942,914,INA,Lya ERSALITA,12,0 - 0,,360 / 1
943,914,INA,Arinda Sari SINAGA,12,0 - 0,,360 / 1
944,914,PAK,Sara MOHMAND,12,0 - 0,,360 / 1
945,946,CZE,Monika SVETNICKOVA,11,0 - 0,,350 / 1
946,946,LTU,Elzbieta BAJORINAITE,11,0 - 0,,350 / 1
947,946,LTU,Vaiva ZYMANTAITE,11,0 - 0,,350 / 1
948,946,LTU,Rebeka ALEKSEVICIUTE,11,0 - 0,,350 / 1
949,946,LAT,Aija POPE,11,0 - 0,,350 / 1
950,951,GER,Hannah POHL,12,0 - 0,,340 / 3
951,952,MAC,Sok Man WONG,12,0 - 0,,340 / 2
952,953,IND,Smriti NAGARKOTI,12,0 - 0,,320 / 1
953,953,IND,Teenu DAHIYA,12,0 - 0,,320 / 1
954,953,USA,Candy ZHANG,12,0 - 0,,320 / 1
955,953,USA,Jacqueline Wendy MYERS,12,0 - 0,,320 / 1
956,953,INA,Ghaida Nurul GHANIYU,12,0 - 0,,320 / 1
957,953,CAN,Qufei CHEN,12,0 - 0,,320 / 1
958,953,IND,Nisha KARAMCHAND,12,0 - 0,,320 / 1
959,953,INA,Guniarti RAFIKA MUTIARA,12,0 - 0,,320 / 1
960,953,VIE,Nguyen Nhung LE NGOC,12,0 - 0,,320 / 1
961,962,FIN,Elina NIIRANEN,13,0 - 0,,310 / 3
962,962,FIN,Annmarie OKSA,13,0 - 0,,310 / 3
963,964,TUR,Buket KOCA,13,0 - 0,,310 / 2
964,964,FRA,Emilie BEAUJEAN,13,0 - 0,,310 / 2
965,966,SLO,Lia SALEHAR,13,0 - 0,,280 / 2
966,967,TUR,Arzu DELIBALTA,13,0 - 0,,270 / 2
967,967,SLO,Iza SALEHAR,13,0 - 0,,270 / 2
968,967,HUN,Agnes KOROSI,13,0 - 0,,270 / 2
969,970,SLO,Katarina BETON,14,0 - 0,,250 / 2
970,970,SLO,Ana Marija SETINA,14,0 - 0,,250 / 2
971,972,ENG,Lizzie TOLMAN,14,0 - 0,,240 / 2
972,972,FRA,Olivia MEUNIER,14,0 - 0,,240 / 2
973,972,UKR,Kseniya RYZHOVA,14,0 - 0,,240 / 2
974,975,KOR,Min Ah YOON,14,0 - 0,,240 / 1
975,975,KOR,KO Hyun Jung,14,0 - 0,,240 / 1
976,975,MAC,IEONG Pek San,14,0 - 0,,240 / 1
977,978,FRA,Manon KRIEGER,14,0 - 0,,210 / 2
978,978,FIN,Viola LINDBERG,14,0 - 0,,210 / 2
979,978,BUL,Mila IVANOVA,14,0 - 0,,210 / 2
980,981,NOR,Sophie OWEN-DAVIES,14,0 - 0,,210 / 1
981,981,VIE,Ngoc Huyen NGUYEN,14,0 - 0,,210 / 1
982,981,COL,Jennifer SABOGAL,14,0 - 0,,210 / 1
983,981,COL,Ana GAMBA,14,0 - 0,,210 / 1
984,981,COL,Alejandra CAMACHO,14,0 - 0,,210 / 1
985,981,TUR,Dilara SUBASI,14,0 - 0,,210 / 1
986,981,SLO,Nika ARIH,14,0 - 0,,210 / 1
987,981,NED,Renske KWAKKENBOS,14,0 - 0,,210 / 1
988,981,GER,Meisy JOLLY,14,0 - 0,,210 / 1
989,981,MAR,Ghita ABDEL WAHID,14,0 - 0,,210 / 1
990,981,MAR,Oumaima ELHERZ,14,0 - 0,,210 / 1
991,981,FRA,Lole COURTOIS,14,0 - 0,,210 / 1
992,981,CUB,Lisandra RODRIGUEZ GUERRA,14,0 - 0,,210 / 1
993,981,SLO,Cecilija BARUT,14,0 - 0,,210 / 1
994,981,DEN,Henriette JENSEN,14,0 - 0,,210 / 1
995,981,MAR,Sara ELMERNISSI,14,0 - 0,,210 / 1
996,981,MAR,Harag NAZIK,14,0 - 0,,210 / 1
997,981,MAR,Jinane BITARIE,14,0 - 0,,210 / 1
998,981,CUB,Laura FERNANDEZ GARCIA,14,0 - 0,,210 / 1
999,981,VIE,TRAN Thi Thanh Xuan,14,0 - 0,,210 / 1
1000,981,POR,Ana REIS,14,0 - 0,,210 / 1
1001,981,MAR,Charaouite GHITA,14,0 - 0,,210 / 1
1002,981,NED,Lisa MALAIHOLLO,14,0 - 0,,210 / 1
1003,981,BUL,Gabriela KOLICOVA,14,0 - 0,,210 / 1
1004,1005,LUX,Stefka HARGIONO,14,0 - 0,,204 / 2
1005,1006,TUR,Edanur KOYBASI,14,0 - 0,,200 / 2
1006,1006,GRE,Eleni MELIKIDOU,14,0 - 0,,200 / 2
1007,1006,GRE,Ioanna KARAPETRIDOU,14,0 - 0,,200 / 2
1008,1009,SWE,Rebecka KUHL,14,0 - 0,,170 / 2
1009,1010,SWE,Ashwathi PILLAI,14,0 - 0,,170 / 1
1010,1010,ENG,Evie BURBIDGE,14,0 - 0,,170 / 1
1011,1010,ENG,Hannah PREECE,14,0 - 0,,170 / 1
1012,1010,RUS,Anna KRASNOSCHEKOVA,14,0 - 0,,170 / 1
1013,1010,RUS,Alexandra SEMENOVA,14,0 - 0,,170 / 1
1014,1010,RUS,Anastasiya BATYROVA,14,0 - 0,,170 / 1
1015,1010,RUS,Karina KHABIBULINA,14,0 - 0,,170 / 1
1016,1010,SRI,DAYARATHNE Yasmitha Sankapale,14,0 - 0,,170 / 1
1017,1010,SRI,Ruvini Chathurika RATNASIRI,14,0 - 0,,170 / 1
1018,1010,SRI,Thanushi Anuthara RATNAYAKA,14,0 - 0,,170 / 1
1019,1010,SRI,WADUTHANTRI Kavindika Binari De Silva,14,0 - 0,,170 / 1
1020,1010,SRI,Sithara JANITHANJALI,14,0 - 0,,170 / 1
1021,1010,SRI,Illmee Warangana DE SILVA,14,0 - 0,,170 / 1
1022,1010,PER,Paula LA TORRE REGAL,14,0 - 0,,170 / 1
1023,1010,PER,Flavia STIGLICH GUZMAN,14,0 - 0,,170 / 1
1024,1010,PER,Ines CASTILLO,14,0 - 0,,170 / 1
1025,1010,JPN,Shiori EBIHARA,14,0 - 0,,170 / 1
1026,1010,FRA,Mathilde LIGNEAU,14,0 - 0,,170 / 1
1027,1010,FRA,Marie HERMELINE,14,0 - 0,,170 / 1
1028,1010,FRA,Juliane PIRON,14,0 - 0,,170 / 1
1029,1010,FRA,Angelique GUILLOUX,14,0 - 0,,170 / 1
1030,1010,BUL,Anna-Maria TSANEVA,14,0 - 0,,170 / 1
1031,1010,TUR,Pinar USLUER,14,0 - 0,,170 / 1
1032,1010,RUS,Vera MOROZOVA,14,0 - 0,,170 / 1
1033,1010,INA,Sekartaji PUTRI,14,0 - 0,,170 / 1
1034,1010,INA,Linda Mutiara PERTIWI,14,0 - 0,,170 / 1
1035,1010,POL,JOANNA STANISZ,14,0 - 0,,170 / 1
1036,1010,VIE,Thi Tham NGUYEN,14,0 - 0,,170 / 1
1037,1010,AUT,Barbara GALOS,14,0 - 0,,170 / 1
1038,1010,ENG,Sarah PREECE,14,0 - 0,,170 / 1
1039,1010,ENG,Serena MIDHA,14,0 - 0,,170 / 1
1040,1010,ENG,Nicole BURGESS,14,0 - 0,,170 / 1
1041,1010,SUI,Chiara PIAZZA,14,0 - 0,,170 / 1
1042,1010,RUS,Daria DZHEDZHLA,14,0 - 0,,170 / 1
1043,1010,BEL,Stephanie VAN WEL,-253,0 - 0,,170 / 1
1044,1010,VIE,Minh Hien DANG,14,0 - 0,,170 / 1
1045,1010,JPN,Saya YAMAMOTO,14,0 - 0,,170 / 1
1046,1010,JAM,Katherine WYNTER,14,0 - 0,,170 / 1
1047,1010,VIE,Kim Ngan QUACH,14,0 - 0,,170 / 1
1048,1010,VIE,Thi Phuong Hong DINH,14,0 - 0,,170 / 1
1049,1010,PER,Chiara CARRANZA,14,0 - 0,,170 / 1
1050,1010,SRI,Nadeesha Gayanthi MURUKKUWADURA,14,0 - 0,,170 / 1
1051,1010,SRI,Renu Chandrika HETTIARACHCHIGE,14,0 - 0,,170 / 1
1052,1053,ENG,Emily BEACH,13,0 - 0,,160 / 2
1053,1054,FIN,Noora AHOLA,13,0 - 0,,140 / 2
1054,1054,DEN,Cecilie FINNE-IPSEN,13,0 - 0,,140 / 2
1055,1056,CZE,Ivana ZYCHOVA,13,0 - 0,,130 / 1
1056,1056,SVK,Katarina VARGOVA,13,0 - 0,,130 / 1
1057,1056,SVK,Lucia GRENCIKOVA,13,0 - 0,,130 / 1
1058,1059,NOR,Vilde ESPESETH,13,0 - 0,,100 / 2
1059,1060,ISL,Lina Dora HANNESDOTTIR,13,0 - 0,,100 / 1
1060,1060,ENG,Megan CHANNON,13,0 - 0,,100 / 1
1061,1060,TUR,Ilayda Nur OZELGUL,13,0 - 0,,100 / 1
1062,1060,TUR,Basak KILIC,13,0 - 0,,100 / 1
1063,1060,TUR,Buse CEYLAN,13,0 - 0,,100 / 1
1064,1060,UZB,Dilrabo AHMEDOVA,13,0 - 0,,100 / 1
1065,1060,IRQ,Sumaya GHAREEB,13,0 - 0,,100 / 1
1066,1060,TUR,Merve DEMIR,13,0 - 0,,100 / 1
1067,1060,DEN,Line Fleischer NIELSEN,13,0 - 0,,100 / 1
1068,1060,FIN,Sonja LIUS,13,0 - 0,,100 / 1
1069,1060,NOR,Charlotte LEINAN,13,0 - 0,,100 / 1
1070,1060,SWE,Karolina BRANDSTROM,13,0 - 0,,100 / 1
1071,1060,NOR,Hege ULSTEIN,13,0 - 0,,100 / 1
1072,1060,SWE,Ebba STRID,13,0 - 0,,100 / 1
1073,1060,NOR,Marlene WÃLAND,13,0 - 0,,100 / 1
1074,1060,NGR,Adijat ONASANYA,13,0 - 0,,100 / 1
1075,1060,NGR,Ramatu YAKUBU,13,0 - 0,,100 / 1
1076,1060,POL,Oliwia SOCHA,13,0 - 0,,100 / 1
1077,1060,POL,Kamila MORAWSKA,13,0 - 0,,100 / 1
1078,1060,HKG,WU Yi Ting,13,0 - 0,,100 / 1
1079,1060,SIN,Yujia JIN,13,0 - 0,,100 / 1
1080,1060,GRE,Eleni PAPADOPOULOU,13,0 - 0,,100 / 1
1081,1060,GRE,Eirini GOYGLERI,13,0 - 0,,100 / 1
1082,1060,GRE,Polyvia TZIKA,13,0 - 0,,100 / 1
1083,1060,GRE,Vasiliki ANDREADOU,13,0 - 0,,100 / 1
1084,1060,GRE,Isaia Christina MERTZEMEKI,13,0 - 0,,100 / 1
1085,1060,GRE,Evaggelia KORONIDOU,13,0 - 0,,100 / 1
1086,1060,ITA,Tanja SCANFERLA,13,0 - 0,,100 / 1
1087,1060,SLO,Nastja STOVANJE,13,0 - 0,,100 / 1
1088,1060,AUT,Nina SORGER,13,0 - 0,,100 / 1
1089,1060,ROM,Ariana PRODAN,13,0 - 0,,100 / 1
1090,1060,POR,Ana AMARAL,13,0 - 0,,100 / 1
1091,1060,POR,Joana AMARAL,13,0 - 0,,100 / 1
1092,1060,POR,Ana I. SANTOS,13,0 - 0,,100 / 1
1093,1060,TUR,Kurba OZTURK,13,0 - 0,,100 / 1
1094,1060,GRE,Panagiota Dimitra ASLANIDOU,13,0 - 0,,100 / 1
1095,1060,BUL,Mihaela NEYCHEVA,13,0 - 0,,100 / 1
1096,1060,INA,Lany MEYLANY,13,0 - 0,,100 / 1
1097,1060,SIN,Jia Min YEO,13,0 - 0,,100 / 1
1098,1060,POL,JANOWSKA KAROLINA,13,0 - 0,,100 / 1
1099,1060,SLO,Nika POLANIC,13,0 - 0,,100 / 1
1100,1060,DEN,Marie Louise STEFFENSEN,13,0 - 0,,100 / 1
1101,1060,POR,Ana ALMEIDA,13,0 - 0,,100 / 1
1102,1060,POR,Ana DIAS,13,0 - 0,,100 / 1
1103,1060,NED,Dorien LUPS,-80,0 - 0,,100 / 1
1104,1060,POL,GAJOS KAROLINA,13,0 - 0,,100 / 1
1105,1060,ROM,Oana Violeta RISTEA,13,0 - 0,,100 / 1
1106,1060,NOR,Thea Kristina JOHANSEN,13,0 - 0,,100 / 1
1107,1060,NOR,Marthe SKAUG,13,0 - 0,,100 / 1
1108,1060,POL,NOWAK URSZULA,13,0 - 0,,100 / 1
1109,1060,AUT,Janine LAIS,13,0 - 0,,100 / 1
1110,1060,POR,Ana R. SANTOS,13,0 - 0,,100 / 1
1111,1060,POR,Daniela CONCEICAO,13,0 - 0,,100 / 1
1112,1060,LUX,Myriam HAVE,13,0 - 0,,100 / 1
1113,1060,SLO,Eva MIKLIC,13,0 - 0,,100 / 1
1114,1060,SLO,Kim NOVAK,13,0 - 0,,100 / 1
1115,1060,TUR,Aycan KOC,-158,0 - 0,,100 / 1
1116,1060,KAZ,Ilyana FILIPCHUK,13,0 - 0,,100 / 1
1117,1060,KAZ,Vladlena KHARCHENKO,13,0 - 0,,100 / 1
1118,1060,SLO,Nina KOTAR,13,0 - 0,,100 / 1
1119,1060,ISL,Sunna Osp RUNOLFSDOTTIR,13,0 - 0,,100 / 1
1120,1060,TUR,Derya CALIMBAY,13,0 - 0,,100 / 1
1121,1060,RUS,Gusel YARMEEVA,13,0 - 0,,100 / 1
1122,1123,SIN,Mingtian FU,11,0 - 0,,78 / 1
1123,1124,ITA,Karin MARAN,11,0 - 0,,70 / 2
1124,1125,CHN,LIANG Naishi,11,0 - 0,,70 / 1
1125,1125,SWE,Sara-Louise WITTSTROM,11,0 - 0,,70 / 1
1126,1125,SWE,Denise SHEN,11,0 - 0,,70 / 1
1127,1125,SWE,Hanna SIDVALL,11,0 - 0,,70 / 1
1128,1125,ITA,Marah PUNTER,11,0 - 0,,70 / 1
1129,1125,ITA,Giulia FIORITO,11,0 - 0,,70 / 1
1130,1125,ITA,Silvia GARINO,11,0 - 0,,70 / 1
1131,1125,IRL,MCINTYRE Norma,11,0 - 0,,70 / 1
1132,1125,ITA,Isabel DELUEG,11,0 - 0,,70 / 1
1133,1125,IRL,Megan BREDIN,11,0 - 0,,70 / 1
1134,1125,AUT,Daniela ADAMEC,11,0 - 0,,70 / 1
1135,1125,SWE,Linda Marie DANIELSSON,11,0 - 0,,70 / 1
1136,1125,IRL,Aisling RYAN,11,0 - 0,,70 / 1
1137,1125,ITA,Ira TOMIO,11,0 - 0,,70 / 1
1138,1125,AUT,Michaela MATHIS,11,0 - 0,,70 / 1
1139,1140,SVK,Zuzana PALKOVA,11,0 - 0,,60 / 1
1140,1140,CZE,Dominika KURZOVA,11,0 - 0,,60 / 1
1141,1140,SVK,Lenka DROTAROVA,11,0 - 0,,60 / 1
1142,1140,SVK,Angelika VARGOVA,11,0 - 0,,60 / 1
1143,1140,SVK,Katarina SARISCANOVA,11,0 - 0,,60 / 1
1144,1140,SVK,Nikoleta BALINTOVA,11,0 - 0,,60 / 1
1145,1146,FIN,Jenni RAUTIAINEN,11,0 - 0,,40 / 1
1146,1146,DEN,Sarah FISKER,11,0 - 0,,40 / 1
1147,1146,FIN,Riina MAKELA,11,0 - 0,,40 / 1
1148,1146,VIE,Thach My Linh NGUYEN,11,0 - 0,,40 / 1
1149,1146,VIE,Thi Ha Vy TRAN,11,0 - 0,,40 / 1
1150,1146,VIE,TRAN LE QUYEN,11,0 - 0,,40 / 1
1151,1146,TPE,I-Ting LIU,11,0 - 0,,40 / 1
1152,1146,VIE,Truong Bao Vy TRAN,11,0 - 0,,40 / 1
1153,1146,VIE,Thi Yen Chi TRAN,11,0 - 0,,40 / 1
1154,1146,VIE,TRAN Thuc Trang,11,0 - 0,,40 / 1
1155,1146,VIE,VO Thi Ha Nhi,11,0 - 0,,40 / 1
1156,1146,VIE,Que Anh TRAN,11,0 - 0,,40 / 1
1157,1146,VIE,Ngoc Bich PHAM,11,0 - 0,,40 / 1
